longitude,latitude,housing_median_age,total_rooms,total_bedrooms,population,households,median_income,ocean_proximity,house_prices
-121.76,37.68,35.0,1864.0,357.0,1189.0,349.0,4.2361,INLAND,170607.39
-117.68,35.64,15.0,3253.0,573.0,1408.0,586.0,5.2043,INLAND,115035.555
-118.14,33.76,50.0,914.0,167.0,322.0,165.0,4.7361,NEAR OCEAN,325973.56
-118.57,34.09,14.0,7970.0,1142.0,2926.0,1096.0,11.2866,<1H OCEAN,504407.62
-117.2,34.52,12.0,4476.0,761.0,2255.0,735.0,3.925,INLAND,119049.125
-118.66,34.18,25.0,6612.0,857.0,2519.0,843.0,8.3912,<1H OCEAN,440430.9
-118.36,33.81,34.0,2211.0,502.0,1113.0,488.0,4.7026,<1H OCEAN,367435.06
-117.16,32.79,32.0,1731.0,413.0,1569.0,427.0,3.3375,NEAR OCEAN,156406.22
-119.66,36.34,32.0,1338.0,276.0,859.0,286.0,2.6397,INLAND,68613.75
-117.8,33.64,8.0,4447.0,713.0,1680.0,705.0,8.8693,<1H OCEAN,402968.62
-118.28,34.08,40.0,1630.0,543.0,1568.0,510.0,2.7366,<1H OCEAN,192212.45
-122.3,37.56,35.0,1873.0,351.0,945.0,333.0,5.5184,NEAR OCEAN,320556.84
-121.34,38.58,18.0,1631.0,228.0,599.0,228.0,7.8031,INLAND,289812.66
-119.0,35.36,35.0,1021.0,280.0,1258.0,239.0,1.7375,INLAND,49098.137
-118.31,34.08,23.0,1443.0,521.0,1264.0,450.0,2.7543,<1H OCEAN,264776.9
-118.25,34.23,35.0,2839.0,592.0,1413.0,538.0,4.1667,<1H OCEAN,266136.53
-118.31,33.99,45.0,1489.0,339.0,791.0,316.0,2.2339,<1H OCEAN,137004.86
-122.47,37.78,52.0,2388.0,507.0,1078.0,494.0,3.5221,NEAR BAY,419905.2
-118.03,33.94,37.0,1699.0,302.0,889.0,271.0,4.3542,<1H OCEAN,196734.4
-118.96,36.49,24.0,1268.0,269.0,636.0,183.0,1.742,INLAND,70793.695
-118.07,33.87,28.0,2399.0,436.0,1613.0,429.0,3.6339,<1H OCEAN,185585.33
-122.4,37.72,40.0,1948.0,413.0,1434.0,396.0,3.0313,NEAR BAY,219107.66
-118.19,33.84,44.0,2731.0,577.0,1396.0,555.0,4.1771,NEAR OCEAN,258058.14
-118.02,33.83,16.0,1139.0,328.0,665.0,290.0,3.2933,<1H OCEAN,206473.39
-118.28,34.17,22.0,2664.0,651.0,1553.0,629.0,3.6354,<1H OCEAN,264295.6
-122.49,37.74,52.0,2302.0,457.0,1154.0,424.0,4.5744,NEAR OCEAN,323455.0
-122.2,37.81,45.0,2964.0,436.0,1067.0,426.0,6.7851,NEAR BAY,334354.84
-118.53,34.21,18.0,3124.0,796.0,1855.0,725.0,2.9389,<1H OCEAN,223415.94
-118.34,33.8,25.0,4177.0,832.0,2123.0,789.0,5.0814,<1H OCEAN,323703.3
-116.96,32.8,25.0,3421.0,803.0,1681.0,742.0,3.369,<1H OCEAN,157145.4
-118.5,34.02,24.0,2924.0,1013.0,1492.0,943.0,2.775,<1H OCEAN,391082.25
-122.24,37.83,52.0,1757.0,246.0,585.0,227.0,5.8948,NEAR BAY,343954.56
-118.37,33.81,33.0,5057.0,790.0,2021.0,748.0,6.8553,NEAR OCEAN,466226.75
-117.09,32.71,29.0,2238.0,523.0,2061.0,504.0,2.5559,NEAR OCEAN,106148.75
-118.25,33.8,36.0,1697.0,394.0,1274.0,396.0,3.35,<1H OCEAN,170990.67
-118.48,34.03,19.0,902.0,284.0,414.0,272.0,1.3333,<1H OCEAN,296715.47
-121.58,37.01,44.0,3192.0,565.0,1439.0,568.0,4.3693,INLAND,265223.28
-122.17,37.76,38.0,1764.0,397.0,987.0,354.0,2.4333,NEAR BAY,121939.12
-122.18,37.81,30.0,292.0,38.0,126.0,52.0,6.3624,NEAR BAY,322766.84
-117.38,33.2,17.0,1877.0,581.0,1288.0,426.0,1.9386,NEAR OCEAN,223323.28
-122.3,38.0,34.0,1712.0,317.0,956.0,341.0,4.4394,NEAR BAY,159759.3
-119.57,36.44,30.0,1860.0,337.0,1123.0,347.0,3.4926,INLAND,87050.15
-117.32,34.12,39.0,2210.0,498.0,1752.0,477.0,1.4066,INLAND,57499.523
-117.86,34.01,16.0,4632.0,,3038.0,727.0,5.1762,<1H OCEAN,220536.11
-117.05,33.13,20.0,7746.0,2035.0,5370.0,1838.0,2.3762,<1H OCEAN,124640.97
-117.05,32.61,26.0,1563.0,286.0,1145.0,313.0,3.8615,NEAR OCEAN,121898.04
-117.76,34.71,15.0,2981.0,625.0,1694.0,540.0,2.9541,INLAND,100343.555
-118.08,33.99,38.0,1683.0,328.0,1369.0,339.0,3.6196,<1H OCEAN,167847.0
-118.3,34.06,21.0,3960.0,1490.0,3468.0,1335.0,1.8214,<1H OCEAN,240962.44
-119.04,34.28,21.0,1856.0,276.0,863.0,255.0,4.5833,<1H OCEAN,260510.88
-117.03,32.73,34.0,2061.0,,1169.0,400.0,3.5096,NEAR OCEAN,130626.85
-117.71,34.06,16.0,1458.0,295.0,912.0,331.0,3.625,INLAND,142339.58
-117.53,33.83,7.0,2191.0,324.0,1156.0,310.0,5.5362,INLAND,201660.75
-118.28,33.93,42.0,1898.0,460.0,1503.0,429.0,2.5179,<1H OCEAN,112291.54
-117.97,34.0,28.0,1983.0,375.0,1407.0,367.0,3.8319,<1H OCEAN,175759.94
-121.91,36.97,19.0,4920.0,1092.0,1807.0,922.0,3.5112,NEAR OCEAN,300416.0
-119.79,36.32,19.0,3252.0,614.0,1971.0,607.0,3.0667,INLAND,73408.78
-122.11,37.64,31.0,1487.0,280.0,854.0,301.0,5.2312,NEAR BAY,208115.98
-122.42,37.76,52.0,4407.0,1192.0,2280.0,1076.0,3.3937,NEAR BAY,371140.22
-121.99,37.96,16.0,3324.0,479.0,1470.0,461.0,7.6166,INLAND,284444.84
-120.47,37.34,9.0,2934.0,511.0,1227.0,501.0,3.6742,INLAND,127942.62
-118.24,34.24,31.0,3019.0,469.0,1349.0,462.0,7.1463,<1H OCEAN,432381.47
-117.1,32.75,15.0,2422.0,774.0,2120.0,715.0,1.0617,NEAR OCEAN,99745.984
-117.16,32.75,23.0,2474.0,594.0,1107.0,536.0,2.9705,NEAR OCEAN,241482.77
-117.96,33.73,22.0,3479.0,455.0,1454.0,488.0,6.6324,<1H OCEAN,314867.66
-119.77,36.86,7.0,4139.0,544.0,1843.0,562.0,8.2737,INLAND,244481.05
-122.31,37.93,39.0,2505.0,371.0,872.0,345.0,5.3433,NEAR BAY,293851.03
-122.1,37.19,18.0,808.0,136.0,420.0,145.0,7.1831,NEAR OCEAN,317855.88
-121.25,38.8,14.0,5094.0,729.0,1974.0,705.0,5.5205,INLAND,226599.72
-122.08,37.41,20.0,1896.0,456.0,1069.0,436.0,4.6875,NEAR BAY,285106.44
-122.2,37.79,29.0,1640.0,376.0,939.0,340.0,2.8321,NEAR BAY,149440.22
-118.2,33.79,47.0,2549.0,626.0,1388.0,606.0,3.0135,NEAR OCEAN,197020.77
-122.03,37.61,37.0,1383.0,259.0,808.0,241.0,4.0125,NEAR BAY,180264.67
-121.89,37.35,43.0,1185.0,296.0,933.0,244.0,2.925,<1H OCEAN,186480.7
-118.16,34.02,47.0,1055.0,298.0,1303.0,302.0,2.6964,<1H OCEAN,154240.39
-117.31,34.03,24.0,1966.0,299.0,786.0,302.0,5.0318,INLAND,169085.61
-117.09,32.74,42.0,1986.0,472.0,1472.0,475.0,2.1757,NEAR OCEAN,103678.01
-122.15,37.7,36.0,1468.0,252.0,733.0,229.0,3.4583,NEAR BAY,169349.22
-117.37,33.19,33.0,2205.0,453.0,1138.0,439.0,2.8819,NEAR OCEAN,179054.45
-118.08,33.86,26.0,778.0,173.0,539.0,186.0,3.2679,<1H OCEAN,170968.64
-118.13,33.89,29.0,2823.0,737.0,1723.0,678.0,2.7121,<1H OCEAN,171840.7
-117.93,33.86,35.0,931.0,181.0,516.0,174.0,5.5867,<1H OCEAN,207562.1
-118.43,34.17,37.0,1982.0,331.0,794.0,340.0,5.9275,<1H OCEAN,357634.97
-118.32,34.05,42.0,3292.0,713.0,2224.0,674.0,3.5517,<1H OCEAN,261968.5
-117.36,33.2,26.0,2447.0,482.0,1405.0,486.0,3.2917,NEAR OCEAN,175235.9
-118.28,33.97,38.0,1819.0,497.0,2110.0,499.0,1.6027,<1H OCEAN,103496.76
-121.97,37.56,13.0,8918.0,1823.0,4518.0,1772.0,4.8052,<1H OCEAN,243350.25
-122.32,37.69,48.0,592.0,122.0,340.0,143.0,5.966,NEAR BAY,239601.83
-118.17,34.02,41.0,676.0,216.0,851.0,199.0,2.3077,<1H OCEAN,133548.45
-117.35,34.0,38.0,1214.0,254.0,723.0,236.0,2.5469,INLAND,87628.125
-118.44,34.0,44.0,1462.0,338.0,821.0,341.0,2.599,<1H OCEAN,309500.88
-118.14,33.91,32.0,1981.0,472.0,1371.0,431.0,3.1204,<1H OCEAN,171403.97
-119.66,36.35,15.0,1724.0,374.0,947.0,391.0,3.1094,INLAND,83665.086
-117.09,32.8,15.0,666.0,152.0,247.0,164.0,2.15,NEAR OCEAN,192773.86
-119.72,36.75,11.0,4832.0,993.0,2190.0,888.0,2.6611,INLAND,92210.12
-119.55,34.38,17.0,1951.0,368.0,681.0,350.0,2.7275,<1H OCEAN,297597.75
-122.02,38.27,20.0,2237.0,464.0,1169.0,425.0,3.2115,INLAND,119548.52
-122.12,37.12,51.0,2419.0,485.0,1078.0,435.0,2.7933,NEAR OCEAN,203672.58
-117.05,32.61,21.0,6034.0,1205.0,3795.0,1146.0,3.2633,NEAR OCEAN,143448.33
-123.79,39.44,36.0,1330.0,273.0,761.0,286.0,2.7813,<1H OCEAN,104304.6
-118.06,33.72,17.0,4573.0,937.0,1619.0,796.0,5.7704,NEAR OCEAN,375134.5
-121.71,39.71,17.0,2748.0,556.0,1174.0,514.0,3.066,INLAND,108605.28
-121.01,37.64,52.0,201.0,35.0,74.0,22.0,1.3036,INLAND,101015.5
-118.12,33.98,44.0,932.0,179.0,717.0,180.0,3.6875,<1H OCEAN,168518.14
-121.93,37.28,10.0,3163.0,832.0,1537.0,797.0,4.1674,<1H OCEAN,223003.02
-119.79,36.83,15.0,3356.0,694.0,1232.0,627.0,2.2215,INLAND,92153.75
-122.86,38.62,35.0,2597.0,522.0,1231.0,499.0,2.7432,<1H OCEAN,163054.42
-118.47,33.99,33.0,854.0,235.0,645.0,198.0,2.1471,<1H OCEAN,326392.47
-122.1,37.97,18.0,4326.0,655.0,1753.0,646.0,5.6931,NEAR BAY,258616.06
-122.23,37.79,30.0,610.0,145.0,425.0,140.0,1.6198,NEAR BAY,125510.71
-120.99,37.66,30.0,1718.0,395.0,914.0,400.0,1.933,INLAND,100241.79
-122.71,38.4,17.0,1690.0,464.0,833.0,445.0,1.439,<1H OCEAN,167184.2
-118.26,34.0,41.0,1733.0,492.0,1776.0,453.0,1.6221,<1H OCEAN,109784.05
-118.34,33.93,35.0,1213.0,284.0,742.0,253.0,4.0625,<1H OCEAN,203931.86
-117.92,33.88,32.0,1632.0,244.0,575.0,235.0,5.3986,<1H OCEAN,279407.62
-118.42,34.19,33.0,3285.0,830.0,2281.0,786.0,2.6165,<1H OCEAN,204224.84
-119.61,36.59,10.0,2842.0,620.0,1443.0,576.0,2.2727,INLAND,84954.484
-121.02,37.65,20.0,2973.0,620.0,1996.0,570.0,3.0645,INLAND,119069.86
-121.33,37.96,42.0,1619.0,340.0,906.0,339.0,2.5488,INLAND,81743.59
-118.42,34.23,34.0,1550.0,279.0,1011.0,288.0,4.5375,<1H OCEAN,191134.98
-118.19,34.05,35.0,1296.0,307.0,1423.0,276.0,2.7432,<1H OCEAN,138380.47
-122.49,37.69,35.0,2644.0,456.0,1465.0,430.0,4.9375,NEAR OCEAN,268834.53
-117.96,34.53,10.0,2907.0,559.0,1681.0,531.0,3.8594,INLAND,121608.8
-118.31,33.92,35.0,1307.0,246.0,672.0,219.0,4.8456,<1H OCEAN,211186.44
-118.56,34.19,35.0,782.0,144.0,425.0,140.0,5.4548,<1H OCEAN,254483.0
-121.3,38.05,52.0,122.0,26.0,62.0,25.0,1.15,INLAND,93216.61
-117.95,33.68,19.0,1028.0,191.0,340.0,159.0,3.6364,<1H OCEAN,278498.47
-117.87,33.6,33.0,3120.0,602.0,1155.0,553.0,5.2949,<1H OCEAN,503627.06
-118.11,34.17,46.0,2837.0,592.0,1453.0,549.0,3.1115,INLAND,211841.88
-117.24,32.81,33.0,1588.0,289.0,683.0,301.0,5.4103,NEAR OCEAN,296343.06
-117.8,33.78,17.0,4138.0,805.0,2442.0,780.0,4.7804,<1H OCEAN,196848.5
-118.11,33.75,15.0,2569.0,812.0,785.0,477.0,5.4011,NEAR OCEAN,303046.2
-122.12,37.69,30.0,1197.0,269.0,695.0,279.0,3.4375,NEAR BAY,171443.25
-117.24,33.23,13.0,3756.0,648.0,1767.0,614.0,4.0776,<1H OCEAN,190250.34
-117.23,32.74,35.0,2615.0,525.0,1312.0,547.0,4.1339,NEAR OCEAN,238493.23
-116.73,34.52,16.0,1247.0,315.0,433.0,159.0,1.0568,INLAND,84726.336
-114.31,34.19,15.0,5612.0,1283.0,1015.0,472.0,1.4936,INLAND,67364.875
-118.41,34.15,33.0,4032.0,868.0,1695.0,869.0,4.3468,<1H OCEAN,411551.5
-122.88,38.34,20.0,3404.0,628.0,1641.0,585.0,5.0574,<1H OCEAN,260341.48
-120.93,38.5,15.0,1248.0,234.0,529.0,216.0,3.3393,INLAND,137386.52
-121.32,38.01,36.0,391.0,74.0,171.0,79.0,2.7045,INLAND,115845.46
-117.87,34.11,23.0,4066.0,819.0,2105.0,737.0,4.6556,<1H OCEAN,209782.36
-115.54,32.97,41.0,2429.0,454.0,1188.0,430.0,3.0091,INLAND,98895.69
-117.48,34.08,28.0,1922.0,382.0,1565.0,340.0,3.915,INLAND,111856.266
-118.13,34.07,20.0,2130.0,654.0,1870.0,578.0,2.3664,<1H OCEAN,195735.69
-123.39,38.99,28.0,1416.0,294.0,812.0,258.0,3.4063,<1H OCEAN,117731.52
-118.15,34.19,47.0,1717.0,314.0,868.0,295.0,3.6094,<1H OCEAN,232904.73
-118.51,34.19,38.0,2182.0,409.0,1141.0,379.0,4.2865,<1H OCEAN,225513.81
-117.9,33.99,18.0,8076.0,1789.0,5325.0,1707.0,3.443,<1H OCEAN,182684.67
-118.35,34.08,52.0,1710.0,350.0,727.0,355.0,4.5833,<1H OCEAN,413730.56
-117.92,33.85,44.0,1231.0,258.0,682.0,244.0,3.2344,<1H OCEAN,187230.05
-118.37,34.05,52.0,2346.0,437.0,1121.0,400.0,4.0583,<1H OCEAN,337080.78
-118.16,34.17,46.0,1508.0,261.0,674.0,255.0,3.5909,<1H OCEAN,248199.89
-121.88,37.29,44.0,2026.0,396.0,908.0,383.0,4.1406,<1H OCEAN,277809.28
-121.86,37.35,43.0,1536.0,371.0,1256.0,357.0,2.8,<1H OCEAN,172569.95
-118.21,33.92,28.0,2949.0,1003.0,4551.0,930.0,1.9026,<1H OCEAN,134084.25
-118.28,33.75,41.0,1305.0,381.0,1384.0,369.0,2.45,NEAR OCEAN,197071.83
-121.85,39.77,17.0,5273.0,1177.0,2446.0,1199.0,1.9362,INLAND,92099.31
-121.59,39.75,20.0,908.0,206.0,481.0,211.0,2.2,INLAND,79960.71
-118.42,33.93,39.0,2988.0,605.0,1466.0,610.0,4.9286,<1H OCEAN,350412.6
-118.01,33.7,24.0,3856.0,567.0,1741.0,588.0,7.248,<1H OCEAN,330349.1
-117.09,32.62,37.0,1538.0,298.0,867.0,285.0,3.0729,NEAR OCEAN,138876.9
-118.27,33.95,43.0,1156.0,291.0,1074.0,299.0,1.8814,<1H OCEAN,92167.83
-118.23,33.91,34.0,1060.0,276.0,1215.0,250.0,2.0804,<1H OCEAN,91884.375
-118.49,34.19,23.0,2087.0,571.0,1809.0,553.0,3.1667,<1H OCEAN,196058.42
-118.22,33.98,15.0,1011.0,274.0,899.0,219.0,2.7045,<1H OCEAN,142718.84
-121.46,38.57,52.0,1625.0,419.0,614.0,383.0,2.0549,INLAND,134467.12
-120.75,37.44,27.0,2295.0,424.0,1252.0,350.0,3.6182,INLAND,129832.49
-120.92,37.63,39.0,45.0,8.0,22.0,9.0,1.7679,INLAND,160430.31
-118.7,34.53,5.0,14275.0,2474.0,7158.0,2311.0,5.4284,INLAND,184338.45
-121.95,37.74,19.0,5721.0,837.0,2653.0,813.0,6.2631,<1H OCEAN,275673.5
-117.11,33.14,10.0,3208.0,636.0,1395.0,582.0,3.4455,<1H OCEAN,167551.34
-120.43,34.97,28.0,1433.0,270.0,1001.0,278.0,4.0125,<1H OCEAN,135420.72
-120.41,34.96,9.0,2712.0,428.0,1116.0,415.0,4.5536,<1H OCEAN,215856.9
-119.73,36.59,31.0,1551.0,296.0,1058.0,287.0,3.3438,INLAND,78500.13
-118.1,33.86,21.0,3052.0,624.0,1588.0,568.0,4.3397,<1H OCEAN,212387.64
-118.29,34.02,26.0,2001.0,582.0,2044.0,557.0,1.1563,<1H OCEAN,140316.77
-117.29,34.1,19.0,1204.0,405.0,844.0,424.0,0.7235,INLAND,108114.74
-122.25,38.12,47.0,1339.0,298.0,794.0,286.0,2.5865,NEAR BAY,106153.83
-118.53,34.26,18.0,3674.0,,1590.0,550.0,8.176,<1H OCEAN,391293.9
-117.51,33.97,35.0,352.0,62.0,184.0,57.0,3.6691,INLAND,175694.7
-121.89,37.69,4.0,6159.0,1510.0,2649.0,1241.0,3.62,<1H OCEAN,282992.5
-117.02,32.8,31.0,2692.0,445.0,1129.0,450.0,4.4583,<1H OCEAN,196122.03
-118.15,34.14,52.0,403.0,117.0,361.0,105.0,1.625,<1H OCEAN,231203.14
-120.97,37.66,24.0,2930.0,588.0,1448.0,570.0,3.5395,INLAND,130939.41
-117.11,32.76,21.0,2226.0,600.0,1085.0,533.0,2.2604,NEAR OCEAN,147760.2
-121.7,37.93,10.0,3258.0,612.0,1779.0,558.0,4.6587,INLAND,197416.14
-119.27,35.5,21.0,2171.0,483.0,1315.0,450.0,1.7105,INLAND,57766.098
-119.65,36.33,52.0,1257.0,257.0,624.0,243.0,2.3523,INLAND,74052.14
-119.72,36.34,33.0,1287.0,214.0,580.0,210.0,3.2019,INLAND,97284.72
-121.0,37.65,52.0,3887.0,803.0,1768.0,779.0,2.5089,INLAND,120734.26
-119.29,36.34,35.0,1235.0,369.0,1246.0,341.0,1.474,INLAND,49298.31
-118.45,34.32,23.0,3481.0,641.0,1952.0,682.0,4.26,<1H OCEAN,199619.8
-122.25,37.8,43.0,2344.0,647.0,1710.0,644.0,1.6504,NEAR BAY,160583.12
-122.14,37.7,36.0,1266.0,228.0,606.0,239.0,3.9702,NEAR BAY,211635.73
-122.44,37.73,52.0,866.0,205.0,587.0,171.0,5.0224,NEAR BAY,277784.7
-117.67,35.64,6.0,2115.0,342.0,927.0,337.0,6.1935,INLAND,121965.96
-117.11,32.67,46.0,928.0,236.0,790.0,235.0,1.6806,NEAR OCEAN,106373.805
-120.34,38.25,17.0,5497.0,1056.0,997.0,408.0,2.9821,INLAND,133247.7
-118.12,33.92,27.0,6336.0,1628.0,4673.0,1505.0,2.5893,<1H OCEAN,164950.62
-116.88,34.08,52.0,3419.0,777.0,710.0,265.0,3.9028,INLAND,147112.2
-118.36,34.23,15.0,2485.0,742.0,1994.0,670.0,2.8333,<1H OCEAN,188233.77
-118.34,33.84,36.0,1561.0,252.0,740.0,253.0,6.2778,<1H OCEAN,340976.22
-121.92,38.34,2.0,7747.0,1133.0,3481.0,1083.0,6.1112,INLAND,206653.28
-122.16,38.02,40.0,1800.0,290.0,761.0,277.0,5.1265,NEAR BAY,211557.8
-118.32,34.08,52.0,1164.0,257.0,575.0,251.0,3.125,<1H OCEAN,339193.3
-122.11,37.41,27.0,5110.0,1599.0,2764.0,1482.0,3.4198,NEAR BAY,268699.6
-117.93,33.86,17.0,1627.0,398.0,1216.0,369.0,3.3438,<1H OCEAN,183331.3
-118.29,33.73,30.0,3161.0,,1865.0,771.0,2.7139,NEAR OCEAN,234770.83
-117.29,33.63,7.0,16010.0,2726.0,7139.0,2426.0,3.8056,<1H OCEAN,156431.86
-122.25,37.89,37.0,3000.0,457.0,987.0,450.0,7.5385,NEAR BAY,381579.12
-118.36,34.15,34.0,3659.0,921.0,1338.0,835.0,3.6202,<1H OCEAN,436429.28
-122.01,37.39,16.0,3015.0,829.0,1769.0,807.0,4.0068,<1H OCEAN,210727.11
-119.08,35.35,20.0,892.0,129.0,331.0,135.0,7.1837,INLAND,199916.77
-118.19,34.06,44.0,1734.0,364.0,1133.0,351.0,2.5132,<1H OCEAN,159665.67
-116.18,33.69,17.0,89.0,19.0,79.0,21.0,2.375,INLAND,101842.72
-118.16,34.19,42.0,2076.0,462.0,1641.0,436.0,2.2326,<1H OCEAN,169226.53
-117.14,32.83,25.0,2161.0,462.0,896.0,468.0,2.2284,NEAR OCEAN,158289.4
-118.4,34.0,34.0,1816.0,335.0,872.0,339.0,4.85,<1H OCEAN,364623.28
-118.35,33.87,28.0,2319.0,579.0,1369.0,564.0,3.6169,<1H OCEAN,262488.78
-121.87,37.21,18.0,1080.0,122.0,382.0,121.0,9.08,<1H OCEAN,449576.22
-122.1,40.05,26.0,633.0,129.0,305.0,140.0,2.1827,INLAND,67829.92
-117.82,33.68,4.0,1346.0,213.0,603.0,219.0,8.7974,<1H OCEAN,383267.44
-118.3,33.88,30.0,1348.0,333.0,885.0,322.0,3.2574,<1H OCEAN,210601.47
-117.07,32.59,21.0,1779.0,466.0,1327.0,488.0,1.6007,NEAR OCEAN,113598.54
-117.09,32.62,37.0,1925.0,428.0,1344.0,426.0,2.4866,NEAR OCEAN,114272.2
-121.76,37.3,6.0,3526.0,559.0,1378.0,491.0,6.1463,<1H OCEAN,322988.78
-118.25,34.15,13.0,1107.0,479.0,616.0,443.0,0.8185,<1H OCEAN,234436.28
-117.12,32.76,26.0,1221.0,331.0,620.0,296.0,2.4821,NEAR OCEAN,154428.44
-115.51,32.99,20.0,1402.0,287.0,1104.0,317.0,1.9088,INLAND,65187.258
-118.14,33.75,39.0,1995.0,634.0,867.0,567.0,4.0795,NEAR OCEAN,384254.28
-117.14,32.8,33.0,2670.0,435.0,1256.0,431.0,3.9417,NEAR OCEAN,192145.31
-118.05,33.71,25.0,4150.0,570.0,1424.0,547.0,8.8281,NEAR OCEAN,477115.34
-118.55,34.2,31.0,1963.0,420.0,1494.0,415.0,3.5313,<1H OCEAN,197529.33
-117.42,34.0,32.0,1617.0,346.0,1153.0,385.0,3.016,INLAND,105573.9
-118.3,33.75,19.0,2356.0,440.0,1291.0,418.0,4.2308,<1H OCEAN,257644.77
-122.22,38.11,43.0,1939.0,353.0,968.0,392.0,3.1848,NEAR BAY,122474.68
-117.31,34.04,29.0,2481.0,383.0,1188.0,385.0,4.7344,INLAND,146672.62
-118.37,34.03,41.0,1425.0,285.0,838.0,296.0,3.9732,<1H OCEAN,234578.34
-122.46,37.72,45.0,2399.0,419.0,1225.0,399.0,4.0855,NEAR OCEAN,245057.83
-118.11,33.96,29.0,2784.0,582.0,1278.0,550.0,4.3882,<1H OCEAN,255412.2
-116.57,33.84,18.0,7962.0,1652.0,2009.0,921.0,3.3897,INLAND,163085.12
-117.88,34.11,18.0,2923.0,670.0,1751.0,656.0,3.2383,<1H OCEAN,175988.23
-120.46,34.64,26.0,2364.0,604.0,1520.0,529.0,1.9444,NEAR OCEAN,99894.22
-121.95,38.43,19.0,3011.0,551.0,1665.0,535.0,5.1534,INLAND,179456.22
-120.41,38.03,14.0,2061.0,465.0,859.0,462.0,2.1289,INLAND,111151.695
-115.8,33.26,2.0,96.0,18.0,30.0,16.0,5.3374,INLAND,173228.75
-122.78,38.97,11.0,5175.0,971.0,2144.0,792.0,3.0466,INLAND,124671.414
-119.17,34.16,17.0,5276.0,1020.0,4066.0,984.0,4.5828,NEAR OCEAN,198980.03
-122.86,39.05,20.0,1592.0,327.0,647.0,253.0,2.5326,INLAND,111236.81
-121.98,37.25,19.0,755.0,93.0,267.0,99.0,15.0,<1H OCEAN,454850.3
-118.11,33.91,29.0,889.0,166.0,597.0,163.0,4.9609,<1H OCEAN,185167.6
-116.98,34.05,6.0,2290.0,312.0,957.0,274.0,7.2708,INLAND,248416.28
-122.83,38.96,15.0,1318.0,296.0,567.0,276.0,1.8692,INLAND,92753.29
-120.82,37.05,15.0,1385.0,288.0,775.0,255.0,1.933,INLAND,102891.55
-120.79,38.24,19.0,1003.0,235.0,538.0,190.0,2.9821,INLAND,128155.805
-117.2,32.8,33.0,2573.0,436.0,1084.0,443.0,4.2417,NEAR OCEAN,235672.84
-118.34,33.98,40.0,2108.0,526.0,1922.0,544.0,3.163,<1H OCEAN,165783.56
-122.26,38.33,34.0,2048.0,316.0,780.0,267.0,5.815,NEAR BAY,285723.12
-117.05,32.71,25.0,3292.0,608.0,2266.0,592.0,3.2986,NEAR OCEAN,122355.85
-117.31,34.13,36.0,1076.0,283.0,773.0,224.0,2.6307,INLAND,81047.74
-122.06,37.39,26.0,18.0,4.0,8.0,4.0,3.75,NEAR BAY,236417.1
-122.44,37.77,52.0,2537.0,559.0,849.0,530.0,5.1788,NEAR BAY,440307.2
-119.02,35.36,47.0,1631.0,340.0,847.0,315.0,2.5062,INLAND,64710.47
-122.3,37.53,37.0,1338.0,215.0,535.0,221.0,5.4351,NEAR OCEAN,387772.0
-121.24,38.72,12.0,3605.0,576.0,1556.0,549.0,4.9,INLAND,192159.33
-118.35,34.1,20.0,2745.0,782.0,1161.0,739.0,3.9044,<1H OCEAN,425525.44
-117.09,32.67,37.0,1157.0,332.0,983.0,306.0,2.0972,NEAR OCEAN,103912.47
-118.31,33.98,52.0,1975.0,379.0,1043.0,371.0,2.3977,<1H OCEAN,132777.33
-122.42,37.74,52.0,2084.0,550.0,1438.0,516.0,2.3087,NEAR BAY,253099.67
-121.8,36.68,18.0,8581.0,1957.0,6071.0,1889.0,3.0,<1H OCEAN,166247.03
-121.86,37.27,19.0,1852.0,268.0,866.0,272.0,5.6139,<1H OCEAN,273373.47
-117.38,33.2,26.0,1427.0,386.0,974.0,317.0,1.3903,NEAR OCEAN,261650.62
-116.93,33.74,15.0,3757.0,666.0,1693.0,654.0,3.6806,INLAND,133925.39
-118.23,33.98,35.0,1366.0,496.0,2160.0,497.0,2.2059,<1H OCEAN,133319.78
-117.21,34.08,5.0,5749.0,1385.0,2382.0,1088.0,3.0587,INLAND,119278.96
-124.17,40.75,13.0,2171.0,339.0,951.0,353.0,4.8516,NEAR OCEAN,168576.75
-122.05,37.94,22.0,4162.0,1194.0,1804.0,1185.0,2.5459,NEAR BAY,185108.89
-118.11,33.92,32.0,1016.0,190.0,729.0,177.0,4.3,<1H OCEAN,169229.27
-118.3,34.06,43.0,1366.0,740.0,942.0,672.0,1.6953,<1H OCEAN,247422.61
-121.5,38.63,6.0,693.0,143.0,276.0,151.0,3.1944,INLAND,123268.74
-122.79,39.02,23.0,642.0,203.0,265.0,84.0,1.8833,INLAND,90911.875
-118.08,33.95,37.0,1743.0,348.0,1328.0,354.0,3.0944,<1H OCEAN,161895.47
-118.93,35.37,34.0,2412.0,446.0,1558.0,421.0,2.6903,INLAND,63350.33
-117.8,33.7,5.0,1549.0,378.0,735.0,355.0,5.2923,<1H OCEAN,237542.4
-117.27,33.22,5.0,2283.0,337.0,999.0,325.0,5.0249,<1H OCEAN,251588.8
-121.29,37.96,52.0,287.0,119.0,154.0,85.0,0.8738,INLAND,44149.99
-118.38,33.81,36.0,1018.0,148.0,329.0,169.0,10.5045,NEAR OCEAN,499679.56
-119.74,36.8,18.0,10862.0,2401.0,5466.0,2209.0,2.4678,INLAND,64688.984
-121.61,39.13,21.0,1432.0,328.0,933.0,336.0,1.6823,INLAND,76988.56
-119.32,37.06,15.0,3111.0,651.0,276.0,107.0,5.1314,INLAND,157834.02
-117.26,34.48,6.0,4632.0,753.0,1851.0,694.0,4.1933,INLAND,150854.0
-122.15,38.04,14.0,2804.0,587.0,1083.0,573.0,2.6466,NEAR BAY,136163.83
-121.99,38.35,45.0,1778.0,339.0,839.0,319.0,2.4659,INLAND,103680.99
-122.3,37.57,36.0,2406.0,436.0,1189.0,403.0,4.7917,NEAR BAY,271667.25
-117.14,32.7,40.0,1227.0,330.0,1199.0,316.0,1.2188,NEAR OCEAN,100702.89
-121.53,36.85,23.0,3359.0,725.0,1862.0,651.0,2.6719,INLAND,183499.34
-118.24,33.97,41.0,1182.0,346.0,1644.0,346.0,2.1473,<1H OCEAN,105716.945
-121.95,37.94,27.0,1469.0,216.0,578.0,219.0,5.9346,INLAND,234752.27
-119.53,34.4,14.0,1671.0,383.0,1079.0,365.0,3.1389,<1H OCEAN,263579.38
-122.38,37.91,18.0,3507.0,711.0,1224.0,676.0,5.0524,NEAR BAY,302241.25
-121.29,38.28,11.0,1554.0,260.0,793.0,233.0,4.8073,INLAND,168008.38
-121.17,38.71,15.0,3084.0,557.0,1040.0,562.0,2.5183,INLAND,151550.88
-121.91,36.63,42.0,817.0,194.0,391.0,193.0,2.1776,<1H OCEAN,214736.4
-118.75,34.18,4.0,16704.0,2704.0,6187.0,2207.0,6.6122,NEAR OCEAN,367856.88
-118.47,34.42,17.0,913.0,228.0,530.0,201.0,3.038,<1H OCEAN,217625.45
-120.93,35.76,11.0,8997.0,1698.0,1825.0,756.0,3.23,<1H OCEAN,209583.89
-122.55,38.07,38.0,3392.0,709.0,1894.0,713.0,3.0573,NEAR BAY,224079.02
-119.17,34.17,21.0,2361.0,464.0,1146.0,396.0,3.6597,NEAR OCEAN,229040.84
-122.48,37.93,16.0,2947.0,802.0,1385.0,743.0,3.6731,NEAR BAY,252693.7
-118.01,33.9,36.0,1382.0,257.0,685.0,255.0,5.125,<1H OCEAN,209091.58
-117.21,33.03,20.0,3370.0,433.0,1020.0,408.0,11.0911,NEAR OCEAN,489196.16
-121.42,37.75,33.0,1329.0,266.0,683.0,233.0,4.3687,INLAND,163967.06
-121.22,38.16,24.0,4411.0,776.0,2038.0,732.0,3.475,INLAND,128975.27
-122.02,36.98,44.0,1153.0,238.0,657.0,219.0,3.2368,NEAR OCEAN,220614.72
-122.18,37.75,43.0,1036.0,233.0,652.0,213.0,2.069,NEAR BAY,89389.11
-121.99,37.26,29.0,2718.0,365.0,982.0,339.0,7.9234,<1H OCEAN,465251.4
-118.5,35.7,18.0,3303.0,814.0,986.0,522.0,1.5957,INLAND,89692.48
-117.11,32.76,29.0,2030.0,545.0,1014.0,518.0,2.2409,NEAR OCEAN,153778.75
-119.78,36.65,27.0,1226.0,240.0,706.0,211.0,2.77,INLAND,67995.79
-118.3,33.86,35.0,1511.0,274.0,853.0,308.0,4.9792,<1H OCEAN,209336.94
-118.39,34.01,35.0,4424.0,918.0,2101.0,888.0,3.9688,<1H OCEAN,371265.06
-118.48,34.31,31.0,1091.0,256.0,892.0,238.0,3.0,<1H OCEAN,174433.81
-119.55,36.52,31.0,1986.0,417.0,1042.0,422.0,3.0294,INLAND,90197.74
-122.26,38.28,24.0,2831.0,502.0,1462.0,503.0,4.5,NEAR BAY,175812.39
-121.04,37.66,11.0,1658.0,301.0,913.0,298.0,4.1705,INLAND,165321.56
-117.26,34.43,11.0,4597.0,782.0,2534.0,776.0,3.3368,INLAND,99924.34
-117.64,34.11,16.0,2129.0,420.0,932.0,379.0,2.5868,INLAND,151542.47
-116.68,33.71,21.0,3460.0,711.0,658.0,255.0,3.5882,INLAND,188208.77
-118.29,33.71,40.0,1644.0,471.0,780.0,416.0,3.1071,NEAR OCEAN,337670.34
-118.34,34.07,52.0,1621.0,284.0,588.0,272.0,6.2223,<1H OCEAN,476142.25
-122.13,37.4,29.0,6027.0,1195.0,2687.0,1171.0,5.1335,NEAR BAY,369654.44
-121.74,39.38,27.0,2596.0,435.0,1100.0,409.0,2.3243,INLAND,80524.36
-118.39,34.28,24.0,4694.0,820.0,3566.0,777.0,4.4818,<1H OCEAN,187334.5
-117.72,34.1,52.0,2867.0,496.0,978.0,513.0,3.1477,INLAND,176828.17
-120.85,37.08,3.0,3425.0,611.0,1588.0,459.0,4.1779,INLAND,167577.69
-122.58,38.46,15.0,2936.0,517.0,1182.0,501.0,3.3981,<1H OCEAN,213369.2
-118.22,33.91,27.0,500.0,159.0,732.0,162.0,2.7426,<1H OCEAN,107583.77
-117.32,34.07,52.0,1226.0,269.0,693.0,272.0,1.9963,INLAND,94219.36
-121.37,38.69,35.0,1851.0,327.0,1007.0,286.0,3.2361,INLAND,96243.99
-118.44,34.26,34.0,325.0,60.0,433.0,83.0,5.5124,<1H OCEAN,214030.4
-118.18,33.78,26.0,3042.0,1253.0,4812.0,1141.0,1.7701,NEAR OCEAN,160094.95
-118.24,34.14,9.0,4877.0,1488.0,4486.0,1458.0,2.4421,<1H OCEAN,191896.4
-117.25,33.12,8.0,8552.0,1437.0,3335.0,1323.0,5.311,NEAR OCEAN,292291.25
-117.83,34.14,26.0,8254.0,1153.0,3460.0,1131.0,6.5253,INLAND,296313.34
-118.1,34.13,47.0,2234.0,276.0,749.0,260.0,15.0001,<1H OCEAN,494419.1
-120.84,38.63,12.0,1313.0,231.0,731.0,232.0,5.7373,INLAND,180898.27
-121.96,37.36,16.0,5040.0,1325.0,3150.0,1196.0,4.2837,<1H OCEAN,244871.28
-122.62,37.97,52.0,370.0,62.0,150.0,56.0,7.7006,NEAR OCEAN,381709.3
-118.48,34.24,32.0,2621.0,412.0,1285.0,414.0,6.6537,<1H OCEAN,352118.03
-118.08,33.76,26.0,996.0,364.0,366.0,313.0,1.2813,<1H OCEAN,126858.9
-117.67,33.6,20.0,1213.0,171.0,565.0,170.0,7.2592,<1H OCEAN,336717.0
-120.97,37.61,16.0,1326.0,375.0,884.0,375.0,1.871,INLAND,119601.17
-118.21,33.96,39.0,2265.0,628.0,2323.0,599.0,2.1522,<1H OCEAN,137197.45
-118.57,34.21,36.0,878.0,167.0,499.0,179.0,4.1181,<1H OCEAN,206178.66
-117.89,33.62,24.0,1016.0,238.0,465.0,236.0,3.0625,<1H OCEAN,298903.8
-120.73,39.63,17.0,1791.0,356.0,432.0,190.0,3.8826,INLAND,117642.37
-116.9,32.9,19.0,3090.0,552.0,1621.0,520.0,4.0806,<1H OCEAN,164022.34
-120.95,37.62,11.0,4981.0,814.0,1934.0,686.0,3.7041,INLAND,170557.62
-118.25,34.1,42.0,598.0,147.0,312.0,144.0,2.625,<1H OCEAN,180713.73
-118.46,34.19,20.0,5992.0,1820.0,4826.0,1632.0,2.7237,<1H OCEAN,186090.78
-117.29,34.03,9.0,8185.0,1525.0,3630.0,1466.0,4.1667,INLAND,144150.45
-117.16,32.78,24.0,3566.0,765.0,1697.0,722.0,3.6375,NEAR OCEAN,210789.42
-118.44,34.07,21.0,730.0,263.0,965.0,224.0,2.0511,<1H OCEAN,316067.8
-117.4,33.9,32.0,1263.0,178.0,508.0,180.0,3.6667,INLAND,155209.5
-121.64,36.8,18.0,5915.0,1000.0,2975.0,975.0,4.5812,<1H OCEAN,248825.64
-119.8,36.72,15.0,1908.0,417.0,1383.0,375.0,1.0472,INLAND,52106.797
-118.54,34.15,26.0,10111.0,1295.0,3599.0,1257.0,10.2292,<1H OCEAN,503986.56
-122.36,37.57,35.0,1774.0,205.0,588.0,207.0,10.7339,NEAR OCEAN,514229.0
-117.17,32.7,33.0,4084.0,897.0,1804.0,833.0,4.0488,NEAR OCEAN,281597.06
-122.02,38.25,10.0,2237.0,454.0,1255.0,429.0,3.1176,INLAND,130237.086
-121.9,39.59,20.0,1465.0,278.0,745.0,250.0,3.0625,INLAND,103435.195
-117.96,33.71,19.0,4328.0,849.0,2243.0,808.0,5.5702,<1H OCEAN,267899.12
-122.07,37.98,12.0,6915.0,1639.0,2940.0,1468.0,4.0154,NEAR BAY,192293.34
-117.84,34.13,26.0,3773.0,694.0,2103.0,688.0,4.6937,INLAND,197323.48
-117.22,32.83,31.0,3958.0,727.0,1924.0,728.0,5.4605,NEAR OCEAN,240735.77
-121.22,38.78,8.0,3418.0,514.0,1312.0,409.0,6.3914,INLAND,262504.8
-122.12,37.65,26.0,162.0,27.0,86.0,25.0,2.375,NEAR BAY,207055.97
-122.04,37.88,32.0,3250.0,550.0,1230.0,557.0,4.6424,NEAR BAY,297602.72
-119.78,36.76,47.0,1425.0,323.0,949.0,325.0,1.7344,INLAND,52079.934
-118.85,34.19,27.0,2287.0,320.0,967.0,321.0,6.5162,<1H OCEAN,316296.16
-117.33,34.53,10.0,3781.0,712.0,2044.0,685.0,3.0943,INLAND,106395.52
-124.14,40.67,23.0,580.0,117.0,320.0,109.0,4.2054,NEAR OCEAN,126261.91
-117.05,32.58,22.0,2101.0,399.0,1551.0,371.0,4.1518,NEAR OCEAN,142890.22
-118.32,33.9,36.0,1520.0,300.0,831.0,291.0,4.0473,<1H OCEAN,193176.89
-118.09,33.92,31.0,1983.0,419.0,1157.0,390.0,3.5455,<1H OCEAN,178246.66
-121.99,37.35,16.0,3249.0,947.0,1637.0,841.0,4.5427,<1H OCEAN,239776.33
-118.27,34.07,27.0,1190.0,,1795.0,422.0,1.7016,<1H OCEAN,183945.94
-122.18,37.44,44.0,2237.0,347.0,948.0,346.0,8.2436,NEAR OCEAN,504150.22
-117.35,33.69,11.0,1229.0,236.0,581.0,190.0,3.102,<1H OCEAN,164683.33
-120.75,37.37,32.0,1656.0,317.0,1037.0,286.0,2.4964,INLAND,100561.64
-117.97,33.88,16.0,2003.0,300.0,1172.0,318.0,6.0394,<1H OCEAN,257034.89
-122.25,38.02,16.0,1803.0,267.0,946.0,266.0,5.7001,NEAR BAY,211556.19
-121.27,38.13,40.0,2402.0,509.0,1197.0,486.0,2.1771,INLAND,80183.164
-118.46,34.03,27.0,1965.0,631.0,1042.0,596.0,2.75,<1H OCEAN,335372.78
-121.26,37.94,43.0,1610.0,412.0,1409.0,365.0,1.7574,INLAND,57636.094
-122.33,37.99,4.0,3999.0,1079.0,1591.0,887.0,3.911,NEAR BAY,168108.89
-121.91,38.02,15.0,2966.0,558.0,1687.0,527.0,3.4817,INLAND,123170.24
-122.64,38.95,28.0,1503.0,370.0,522.0,268.0,1.2029,INLAND,75858.32
-117.25,32.73,39.0,1688.0,256.0,635.0,272.0,4.5938,NEAR OCEAN,387221.16
-122.07,37.94,30.0,1260.0,276.0,707.0,221.0,2.892,NEAR BAY,123593.26
-121.41,38.53,37.0,1058.0,224.0,588.0,231.0,2.9737,INLAND,101624.02
-117.57,33.88,35.0,1755.0,446.0,1453.0,428.0,2.316,INLAND,115221.414
-122.42,37.77,52.0,1176.0,493.0,1136.0,436.0,1.375,NEAR BAY,247734.06
-118.34,33.99,48.0,1172.0,205.0,497.0,190.0,3.825,<1H OCEAN,194830.67
-121.65,36.67,52.0,2351.0,459.0,1169.0,439.0,2.8924,<1H OCEAN,180999.95
-117.22,32.8,23.0,1906.0,525.0,1029.0,491.0,2.93,NEAR OCEAN,186912.45
-117.3,34.17,30.0,2483.0,573.0,1172.0,438.0,1.875,INLAND,83785.45
-118.0,33.66,25.0,4041.0,903.0,1689.0,784.0,4.2289,NEAR OCEAN,363757.66
-118.14,34.13,49.0,4438.0,803.0,1650.0,741.0,5.1072,<1H OCEAN,372826.16
-118.97,37.64,13.0,1907.0,544.0,575.0,234.0,3.0685,INLAND,116787.4
-117.02,32.64,5.0,260.0,41.0,157.0,42.0,6.5151,NEAR OCEAN,316659.38
-120.98,37.69,18.0,3176.0,468.0,1296.0,471.0,5.5684,INLAND,196227.22
-118.43,34.07,38.0,3251.0,656.0,1251.0,593.0,7.7382,<1H OCEAN,513018.94
-117.87,33.89,17.0,1441.0,530.0,769.0,456.0,2.425,<1H OCEAN,153918.56
-118.34,34.06,52.0,2069.0,417.0,826.0,377.0,3.5481,<1H OCEAN,384233.8
-121.98,37.53,28.0,2829.0,566.0,1610.0,540.0,4.6,<1H OCEAN,235738.55
-121.88,39.74,12.0,14631.0,3298.0,7517.0,3262.0,1.6785,INLAND,128264.76
-121.45,38.53,38.0,1746.0,388.0,1142.0,315.0,1.7714,INLAND,67666.56
-122.03,37.38,21.0,2667.0,798.0,1433.0,727.0,3.8732,<1H OCEAN,316990.44
-117.89,33.61,42.0,1301.0,280.0,539.0,249.0,5.0,<1H OCEAN,441010.6
-118.06,33.86,16.0,5603.0,938.0,3045.0,893.0,5.0778,<1H OCEAN,231126.77
-118.26,34.16,19.0,2919.0,857.0,1866.0,811.0,3.1733,<1H OCEAN,233634.67
-118.29,33.91,41.0,2475.0,532.0,1416.0,470.0,3.8372,<1H OCEAN,195542.17
-122.21,37.78,46.0,2239.0,508.0,1390.0,569.0,2.7352,NEAR BAY,137728.64
-117.84,33.74,25.0,1818.0,577.0,1426.0,532.0,3.2104,<1H OCEAN,173642.56
-119.8,36.74,25.0,1717.0,542.0,1343.0,471.0,0.799,INLAND,101372.15
-118.59,35.72,28.0,1491.0,408.0,98.0,48.0,1.4205,INLAND,140026.23
-118.26,34.02,46.0,1249.0,357.0,1607.0,331.0,2.0703,<1H OCEAN,112420.7
-117.98,33.77,22.0,3236.0,673.0,2034.0,662.0,4.0955,<1H OCEAN,199794.9
-122.07,37.95,39.0,2199.0,388.0,1025.0,385.0,4.5893,NEAR BAY,191888.5
-119.27,35.49,39.0,2649.0,572.0,1815.0,547.0,2.3533,INLAND,58657.902
-121.34,38.59,23.0,2912.0,421.0,1132.0,410.0,5.9174,INLAND,220371.28
-118.47,34.04,32.0,2909.0,748.0,1310.0,706.0,4.516,<1H OCEAN,394549.72
-121.7,36.6,19.0,3562.0,530.0,1607.0,505.0,5.0162,<1H OCEAN,257674.4
-118.22,33.98,27.0,1095.0,340.0,1300.0,318.0,2.6548,<1H OCEAN,151567.23
-122.05,37.37,27.0,2687.0,768.0,1362.0,725.0,3.4028,<1H OCEAN,314216.72
-118.26,33.95,44.0,1771.0,378.0,1296.0,399.0,1.6389,<1H OCEAN,102386.0
-119.05,35.4,18.0,1894.0,319.0,846.0,317.0,3.8611,INLAND,100290.61
-118.21,34.05,28.0,1841.0,809.0,3199.0,727.0,1.6319,<1H OCEAN,181318.16
-121.85,36.61,38.0,238.0,,191.0,67.0,1.3897,<1H OCEAN,235385.45
-120.44,37.31,16.0,3369.0,532.0,1770.0,574.0,5.2662,INLAND,134081.64
-121.31,38.26,22.0,1768.0,396.0,1005.0,420.0,1.8846,INLAND,106383.71
-116.47,33.81,7.0,10105.0,2481.0,6274.0,2095.0,2.4497,INLAND,114048.86
-117.18,32.92,4.0,15025.0,2616.0,7560.0,2392.0,5.196,<1H OCEAN,261029.25
-121.29,38.68,12.0,5098.0,1094.0,2029.0,1065.0,3.5444,INLAND,136857.28
-117.38,33.67,17.0,10145.0,2306.0,4776.0,1749.0,2.2423,<1H OCEAN,143712.52
-121.98,38.36,30.0,140.0,35.0,103.0,35.0,4.163,INLAND,93019.086
-117.23,34.15,17.0,5036.0,817.0,2084.0,833.0,4.6445,INLAND,154771.47
-121.4,38.63,30.0,3626.0,834.0,1577.0,806.0,2.517,INLAND,117283.16
-117.96,34.09,6.0,1954.0,534.0,1584.0,496.0,3.1621,INLAND,129904.73
-117.06,32.61,34.0,4325.0,1015.0,2609.0,979.0,2.8489,NEAR OCEAN,155060.88
-121.62,36.14,25.0,726.0,274.0,411.0,214.0,3.2375,NEAR OCEAN,237042.4
-117.08,32.82,10.0,5177.0,856.0,2190.0,816.0,5.9734,<1H OCEAN,270850.25
-117.67,34.13,10.0,2846.0,362.0,1221.0,355.0,7.7234,INLAND,319275.47
-118.4,34.41,22.0,4443.0,560.0,1573.0,496.0,10.0285,<1H OCEAN,450128.56
-117.57,33.93,3.0,1240.0,151.0,519.0,146.0,7.5408,INLAND,256867.28
-117.25,34.14,19.0,5163.0,1229.0,2680.0,1141.0,2.2482,INLAND,94656.74
-118.25,34.02,50.0,180.0,89.0,356.0,76.0,2.1944,<1H OCEAN,103430.016
-122.44,37.77,52.0,2002.0,520.0,939.0,501.0,3.2239,NEAR BAY,417930.53
-118.29,34.16,42.0,413.0,107.0,349.0,107.0,4.3438,<1H OCEAN,221397.38
-118.39,34.2,17.0,2594.0,1028.0,3950.0,973.0,2.0348,<1H OCEAN,179048.67
-117.92,34.12,32.0,2552.0,576.0,2161.0,548.0,2.9459,<1H OCEAN,157214.95
-117.66,34.14,11.0,3628.0,469.0,1488.0,463.0,7.0844,INLAND,304591.2
-119.06,36.07,20.0,2683.0,553.0,1497.0,548.0,1.7031,INLAND,67999.51
-122.23,37.76,52.0,3011.0,542.0,1303.0,535.0,5.1039,NEAR BAY,271183.97
-119.14,35.76,30.0,735.0,137.0,421.0,113.0,2.5625,INLAND,83446.96
-120.23,39.56,14.0,1781.0,346.0,734.0,287.0,2.46,INLAND,106199.06
-121.28,38.59,3.0,4188.0,1136.0,2081.0,995.0,3.0481,INLAND,137354.97
-120.91,39.39,16.0,352.0,105.0,226.0,82.0,1.6094,INLAND,105123.38
-119.58,36.1,21.0,1382.0,327.0,1469.0,355.0,1.3967,INLAND,49294.5
-118.18,33.8,42.0,2301.0,621.0,2114.0,561.0,2.0579,NEAR OCEAN,136738.4
-117.17,32.75,52.0,1052.0,,381.0,201.0,3.0726,NEAR OCEAN,327996.28
-117.06,32.79,21.0,3787.0,492.0,1246.0,457.0,9.6023,<1H OCEAN,410976.1
-117.97,34.13,42.0,683.0,127.0,541.0,138.0,3.4375,INLAND,153271.84
-117.15,32.8,41.0,1413.0,261.0,1070.0,259.0,2.3578,NEAR OCEAN,134617.19
-122.0,38.25,7.0,11768.0,1893.0,6657.0,1874.0,4.9222,INLAND,162184.17
-121.99,37.56,20.0,6462.0,1294.0,3288.0,1235.0,4.3393,<1H OCEAN,243685.61
-118.13,33.89,36.0,599.0,125.0,361.0,139.0,5.0395,<1H OCEAN,222320.56
-118.35,33.88,36.0,1583.0,411.0,1097.0,350.0,4.0737,<1H OCEAN,251682.33
-117.94,33.66,16.0,2095.0,450.0,963.0,411.0,5.5,<1H OCEAN,261151.62
-118.07,33.98,41.0,1478.0,273.0,916.0,281.0,3.9688,<1H OCEAN,176799.84
-118.31,33.89,35.0,2144.0,423.0,1192.0,417.0,4.1458,<1H OCEAN,224962.08
-122.32,37.94,47.0,1911.0,283.0,697.0,275.0,6.2712,NEAR BAY,306631.4
-122.51,37.98,37.0,4801.0,699.0,1830.0,679.0,6.0762,NEAR BAY,398866.12
-118.29,34.01,50.0,2238.0,673.0,2247.0,583.0,1.6505,<1H OCEAN,115764.8
-118.06,33.78,22.0,4048.0,562.0,1637.0,541.0,7.3463,<1H OCEAN,331881.94
-118.87,34.18,21.0,5661.0,1369.0,3188.0,1308.0,3.4676,<1H OCEAN,221019.75
-118.23,33.92,32.0,2698.0,640.0,1953.0,613.0,1.2222,<1H OCEAN,114133.42
-119.08,35.36,12.0,6442.0,1116.0,2966.0,1092.0,4.5791,INLAND,122673.71
-121.33,38.04,15.0,2903.0,440.0,1325.0,423.0,4.5179,INLAND,148913.75
-118.37,34.07,52.0,2203.0,437.0,899.0,384.0,4.25,<1H OCEAN,439673.97
-122.26,38.0,5.0,6265.0,908.0,3326.0,872.0,6.2073,NEAR BAY,241989.64
-119.98,38.93,28.0,1194.0,272.0,494.0,203.0,2.3281,INLAND,100004.74
-121.37,38.66,17.0,4866.0,1056.0,2371.0,1030.0,2.4574,INLAND,115537.5
-117.46,34.08,18.0,3830.0,750.0,2767.0,702.0,3.6602,INLAND,108849.01
-119.98,38.94,23.0,1564.0,298.0,339.0,147.0,4.0417,INLAND,129334.914
-121.94,37.93,16.0,3421.0,427.0,1341.0,428.0,7.5695,INLAND,319171.44
-118.36,34.02,46.0,3745.0,798.0,1502.0,808.0,3.8643,<1H OCEAN,297492.72
-122.63,38.5,19.0,2107.0,332.0,874.0,341.0,5.7819,<1H OCEAN,288290.9
-118.17,33.8,26.0,1589.0,380.0,883.0,366.0,3.5313,NEAR OCEAN,218422.56
-118.14,34.17,40.0,1054.0,251.0,1056.0,276.0,2.3,<1H OCEAN,164598.03
-120.79,38.54,34.0,1133.0,254.0,495.0,187.0,2.05,INLAND,90148.82
-120.31,37.29,40.0,1542.0,341.0,1283.0,341.0,1.6929,INLAND,61478.62
-121.81,37.24,21.0,3250.0,610.0,1978.0,568.0,4.5,<1H OCEAN,222631.33
-122.35,37.93,28.0,1995.0,488.0,1182.0,439.0,2.3352,NEAR BAY,114544.69
-118.13,33.88,32.0,1788.0,459.0,1131.0,461.0,3.5278,<1H OCEAN,203274.44
-118.5,34.46,17.0,10267.0,,4956.0,1483.0,5.5061,<1H OCEAN,250475.58
-121.94,37.26,43.0,2104.0,388.0,1137.0,403.0,4.9236,<1H OCEAN,258616.78
-117.94,33.92,32.0,1053.0,207.0,1038.0,222.0,4.6696,<1H OCEAN,158251.88
-122.25,37.81,28.0,5806.0,1603.0,2563.0,1497.0,3.2177,NEAR BAY,256489.7
-117.85,34.12,30.0,4367.0,1033.0,2524.0,954.0,3.0448,INLAND,170349.1
-122.02,36.98,21.0,1484.0,394.0,984.0,380.0,2.1734,NEAR OCEAN,198417.05
-122.58,37.98,52.0,1180.0,216.0,467.0,197.0,4.9615,NEAR BAY,362237.2
-118.16,33.88,18.0,2287.0,662.0,1804.0,537.0,1.9903,<1H OCEAN,148439.12
-118.24,33.94,37.0,869.0,241.0,1040.0,233.0,2.0,<1H OCEAN,93609.68
-122.22,38.1,44.0,3013.0,563.0,1353.0,512.0,3.4559,NEAR BAY,123491.48
-118.29,34.07,26.0,2302.0,1124.0,2660.0,1004.0,2.3567,<1H OCEAN,255510.89
-122.27,37.85,47.0,2077.0,400.0,719.0,326.0,2.2431,NEAR BAY,193674.42
-121.96,37.53,28.0,2949.0,529.0,1538.0,545.0,4.9615,<1H OCEAN,248203.53
-118.31,34.06,36.0,369.0,147.0,145.0,136.0,0.8804,<1H OCEAN,221323.97
-118.12,34.18,47.0,2344.0,513.0,1537.0,481.0,3.4777,INLAND,197668.14
-117.83,33.88,23.0,2365.0,355.0,1209.0,347.0,6.0132,<1H OCEAN,262678.1
-123.1,39.15,32.0,1143.0,208.0,454.0,188.0,3.8333,<1H OCEAN,139919.81
-118.26,34.02,48.0,1465.0,440.0,1859.0,400.0,1.3134,<1H OCEAN,121084.16
-117.93,33.82,28.0,2444.0,555.0,1848.0,567.0,3.0179,<1H OCEAN,176911.67
-121.13,36.21,27.0,1476.0,352.0,1156.0,358.0,3.1929,<1H OCEAN,133438.52
-121.41,38.62,21.0,3260.0,763.0,1735.0,736.0,2.5162,INLAND,116951.42
-118.39,34.03,28.0,1722.0,536.0,1161.0,481.0,3.2228,<1H OCEAN,325300.44
-121.58,39.76,18.0,1676.0,332.0,733.0,318.0,1.7875,INLAND,88267.914
-117.51,34.16,2.0,718.0,98.0,119.0,50.0,4.1,INLAND,316164.78
-118.19,34.06,47.0,2324.0,658.0,3020.0,594.0,1.1868,<1H OCEAN,143097.05
-118.25,34.15,32.0,1377.0,444.0,768.0,422.0,2.2621,<1H OCEAN,240960.52
-117.2,33.07,5.0,10394.0,1617.0,4496.0,1553.0,5.9289,NEAR OCEAN,317206.38
-117.15,32.92,16.0,1972.0,402.0,1377.0,413.0,4.4615,<1H OCEAN,144983.7
-120.25,37.04,21.0,1724.0,317.0,1006.0,290.0,3.2868,INLAND,105796.55
-118.08,34.08,38.0,1889.0,407.0,1330.0,396.0,3.9219,<1H OCEAN,192735.52
-117.97,33.74,18.0,2814.0,539.0,1439.0,493.0,3.599,<1H OCEAN,205050.75
-116.86,33.02,17.0,401.0,68.0,251.0,69.0,4.6518,<1H OCEAN,178817.66
-121.2,37.8,37.0,311.0,61.0,171.0,54.0,4.0972,INLAND,158741.16
-122.27,38.68,18.0,742.0,142.0,343.0,119.0,3.1563,INLAND,135138.89
-121.08,39.22,30.0,2188.0,,1033.0,437.0,2.1419,INLAND,111401.625
-121.79,37.69,25.0,6296.0,1082.0,3200.0,1047.0,4.5357,INLAND,184206.64
-118.32,34.2,29.0,2209.0,444.0,952.0,403.0,4.375,<1H OCEAN,287453.47
-119.35,35.59,14.0,2719.0,502.0,1497.0,457.0,3.176,INLAND,83270.195
-121.62,39.75,20.0,1173.0,261.0,523.0,258.0,1.0625,INLAND,86801.89
-118.35,34.17,47.0,858.0,170.0,365.0,171.0,2.0385,<1H OCEAN,214554.5
-117.98,33.65,22.0,3592.0,527.0,1598.0,523.0,6.5501,<1H OCEAN,337555.9
-118.21,33.95,35.0,2129.0,614.0,2376.0,618.0,2.0372,<1H OCEAN,137461.31
-120.96,37.66,15.0,2485.0,434.0,1296.0,434.0,3.8542,INLAND,147459.42
-118.77,34.26,26.0,3038.0,468.0,1825.0,468.0,5.6385,<1H OCEAN,215392.66
-117.68,33.57,2.0,10008.0,1453.0,3550.0,1139.0,10.1122,<1H OCEAN,436498.1
-118.61,34.15,32.0,4491.0,815.0,1696.0,749.0,4.9102,<1H OCEAN,403434.34
-117.13,32.74,50.0,1527.0,338.0,728.0,322.0,2.625,NEAR OCEAN,161405.69
-117.35,33.21,24.0,1586.0,262.0,912.0,298.0,4.25,NEAR OCEAN,219261.6
-121.7,37.2,15.0,531.0,154.0,469.0,155.0,4.65,<1H OCEAN,286268.62
-122.24,37.79,47.0,1372.0,395.0,1237.0,303.0,2.125,NEAR BAY,119911.56
-119.63,36.7,42.0,1338.0,215.0,617.0,222.0,3.0833,INLAND,91591.26
-117.87,33.85,33.0,45.0,11.0,34.0,10.0,5.2949,<1H OCEAN,247304.3
-117.9,33.91,33.0,4181.0,804.0,2049.0,834.0,4.3103,<1H OCEAN,207602.61
-121.48,38.55,52.0,2037.0,358.0,811.0,375.0,4.3929,INLAND,168358.44
-122.2,37.89,37.0,3881.0,560.0,1315.0,517.0,7.3195,NEAR BAY,380074.62
-122.44,37.73,52.0,2381.0,492.0,1485.0,447.0,4.3898,NEAR BAY,312567.28
-121.96,37.0,20.0,3847.0,727.0,1725.0,737.0,3.3447,NEAR OCEAN,273969.4
-122.49,41.43,19.0,3689.0,644.0,1544.0,566.0,3.125,INLAND,108485.734
-119.02,35.35,42.0,1239.0,251.0,776.0,272.0,1.983,INLAND,57520.004
-117.89,33.98,5.0,3088.0,711.0,1415.0,641.0,2.5125,<1H OCEAN,198439.2
-120.09,37.02,9.0,1608.0,297.0,1057.0,295.0,3.7143,INLAND,103777.92
-117.95,33.79,34.0,2912.0,520.0,1625.0,501.0,4.4667,<1H OCEAN,205497.69
-122.68,38.25,29.0,1315.0,240.0,650.0,228.0,3.8269,<1H OCEAN,185811.19
-121.85,37.26,16.0,1816.0,241.0,793.0,234.0,6.8194,<1H OCEAN,317568.9
-118.46,34.0,37.0,388.0,83.0,248.0,84.0,5.1664,<1H OCEAN,371896.53
-119.49,37.1,24.0,2532.0,555.0,1564.0,507.0,2.3359,INLAND,79509.43
-119.78,36.83,11.0,2754.0,663.0,1328.0,604.0,2.3667,INLAND,81771.38
-121.69,36.52,15.0,4037.0,586.0,1596.0,557.0,8.0922,<1H OCEAN,409344.0
-123.22,39.15,36.0,1166.0,216.0,504.0,203.0,3.5938,<1H OCEAN,144878.95
-122.45,37.7,46.0,2193.0,499.0,1814.0,489.0,4.0125,NEAR OCEAN,225509.45
-121.91,37.26,32.0,3776.0,620.0,1790.0,612.0,5.4675,<1H OCEAN,284365.22
-118.13,34.11,52.0,2568.0,345.0,1102.0,345.0,9.1373,<1H OCEAN,471548.25
-122.43,37.79,24.0,2459.0,1001.0,1362.0,957.0,2.6782,NEAR BAY,259029.5
-117.94,34.03,35.0,1499.0,289.0,1112.0,268.0,3.83,<1H OCEAN,155967.48
-118.33,34.1,48.0,1116.0,524.0,1610.0,483.0,1.625,<1H OCEAN,255685.55
-121.3,38.73,9.0,5558.0,1099.0,2717.0,1043.0,3.6455,INLAND,127923.86
-117.98,34.02,33.0,3512.0,632.0,1971.0,598.0,4.4653,<1H OCEAN,195246.03
-116.88,33.02,16.0,3204.0,541.0,1818.0,529.0,5.2596,<1H OCEAN,199283.03
-117.15,32.76,40.0,1809.0,474.0,826.0,456.0,2.6518,NEAR OCEAN,189822.0
-119.05,35.32,11.0,7035.0,1455.0,3525.0,1387.0,3.4827,INLAND,97406.59
-118.28,33.94,44.0,1631.0,338.0,1197.0,355.0,3.0788,<1H OCEAN,128135.41
-118.3,34.06,20.0,1782.0,896.0,1749.0,823.0,2.2094,<1H OCEAN,312190.0
-120.21,36.98,21.0,1667.0,303.0,861.0,276.0,2.6012,INLAND,98141.6
-118.19,34.04,43.0,1682.0,422.0,1706.0,409.0,2.1029,<1H OCEAN,142612.14
-121.07,39.04,9.0,2374.0,372.0,884.0,333.0,4.5042,INLAND,200913.69
-120.98,37.65,36.0,826.0,167.0,432.0,150.0,2.5,INLAND,107329.88
-122.17,39.94,32.0,2352.0,477.0,1316.0,447.0,2.2292,INLAND,55511.168
-123.24,39.81,25.0,1435.0,304.0,746.0,259.0,1.7788,INLAND,65316.895
-122.34,37.94,42.0,2206.0,451.0,989.0,444.0,3.125,NEAR BAY,166948.86
-122.84,38.42,29.0,2756.0,551.0,1381.0,531.0,2.9625,<1H OCEAN,175782.69
-121.96,37.29,24.0,1240.0,263.0,690.0,276.0,5.0,<1H OCEAN,254617.92
-121.94,38.37,17.0,7973.0,1591.0,2899.0,1502.0,2.8357,INLAND,154926.36
-118.42,34.14,27.0,3990.0,892.0,1417.0,800.0,4.0439,<1H OCEAN,428032.84
-122.38,37.73,40.0,543.0,,259.0,89.0,2.2167,NEAR BAY,225959.62
-118.09,34.12,38.0,1713.0,285.0,779.0,286.0,5.6152,<1H OCEAN,356928.28
-119.06,34.22,13.0,4175.0,1321.0,2257.0,1271.0,3.1446,<1H OCEAN,189937.53
-116.9,32.79,21.0,3770.0,491.0,1410.0,446.0,6.7685,<1H OCEAN,288496.97
-122.26,37.83,52.0,1443.0,311.0,660.0,292.0,3.0125,NEAR BAY,185197.56
-117.97,34.05,34.0,2050.0,495.0,1832.0,465.0,2.8333,<1H OCEAN,167679.22
-116.39,33.69,10.0,11659.0,2007.0,2186.0,1083.0,6.9833,INLAND,314610.84
-116.94,32.8,28.0,3042.0,729.0,1964.0,703.0,2.4141,<1H OCEAN,122734.03
-119.7,34.43,52.0,977.0,289.0,412.0,272.0,2.125,<1H OCEAN,284682.6
-121.93,37.05,14.0,679.0,108.0,306.0,113.0,6.4214,<1H OCEAN,299495.7
-122.07,37.33,13.0,2173.0,349.0,891.0,345.0,8.0158,<1H OCEAN,454502.25
-118.21,34.17,24.0,8590.0,1231.0,3401.0,1178.0,8.1325,<1H OCEAN,451820.28
-117.26,32.97,25.0,2582.0,495.0,1088.0,471.0,6.4651,NEAR OCEAN,388271.75
-119.18,34.19,36.0,4519.0,1081.0,4818.0,1061.0,2.8561,NEAR OCEAN,197552.22
-121.51,38.57,36.0,613.0,166.0,425.0,147.0,2.2031,INLAND,105301.984
-121.81,37.26,16.0,1911.0,327.0,1158.0,332.0,5.9359,<1H OCEAN,245206.28
-117.22,33.14,5.0,4576.0,848.0,2314.0,705.0,5.0123,NEAR OCEAN,232897.94
-122.11,37.11,46.0,1993.0,404.0,850.0,327.0,5.208,NEAR OCEAN,264298.66
-122.03,37.27,25.0,4460.0,553.0,1608.0,561.0,10.7958,<1H OCEAN,499485.28
-122.02,37.92,26.0,5077.0,640.0,1872.0,636.0,7.4713,NEAR BAY,380612.84
-118.47,34.19,41.0,1104.0,196.0,495.0,196.0,5.0929,<1H OCEAN,258771.88
-124.1,40.5,30.0,1927.0,393.0,996.0,374.0,2.2357,<1H OCEAN,80688.7
-119.67,34.42,23.0,1333.0,393.0,1369.0,381.0,2.5947,<1H OCEAN,245823.66
-122.12,37.37,37.0,1446.0,181.0,549.0,190.0,10.7355,NEAR BAY,506253.1
-118.22,34.1,33.0,1903.0,386.0,1187.0,340.0,4.0469,<1H OCEAN,200134.2
-119.85,36.8,14.0,1876.0,324.0,1031.0,311.0,3.6563,INLAND,88917.61
-118.55,34.03,35.0,9075.0,1858.0,3646.0,1724.0,6.0307,<1H OCEAN,466171.72
-122.15,37.72,47.0,1190.0,251.0,540.0,266.0,3.375,NEAR BAY,186590.03
-122.27,40.53,17.0,2255.0,416.0,1171.0,411.0,2.875,INLAND,83784.43
-122.26,37.8,20.0,2373.0,779.0,1659.0,676.0,1.6929,NEAR BAY,188452.5
-117.18,32.83,31.0,1772.0,353.0,1090.0,350.0,3.9265,NEAR OCEAN,173859.64
-118.43,34.29,39.0,1769.0,410.0,1499.0,390.0,3.1212,<1H OCEAN,160203.16
-122.24,37.79,43.0,1626.0,376.0,1284.0,357.0,2.2542,NEAR BAY,130129.375
-117.8,33.68,5.0,623.0,146.0,396.0,136.0,3.631,<1H OCEAN,231552.5
-118.12,33.91,36.0,2053.0,386.0,1023.0,394.0,3.0,<1H OCEAN,196636.27
-122.29,37.54,39.0,1459.0,285.0,761.0,291.0,5.0081,NEAR OCEAN,324749.88
-123.25,38.54,27.0,3658.0,764.0,1278.0,518.0,3.3536,NEAR OCEAN,202628.28
-117.61,33.67,3.0,4541.0,720.0,1600.0,583.0,6.8004,<1H OCEAN,254097.48
-117.03,32.6,26.0,1335.0,224.0,742.0,215.0,5.152,NEAR OCEAN,161270.53
-118.41,33.96,44.0,1802.0,306.0,753.0,282.0,6.0286,<1H OCEAN,393682.7
-122.26,38.11,52.0,793.0,216.0,505.0,194.0,1.9667,NEAR BAY,111942.62
-120.6,37.35,34.0,1722.0,316.0,904.0,315.0,2.4653,INLAND,90143.41
-118.09,34.05,22.0,1764.0,357.0,1379.0,363.0,3.5357,<1H OCEAN,183406.12
-119.85,36.77,27.0,1510.0,344.0,847.0,295.0,2.9315,INLAND,70634.02
-118.22,33.89,41.0,990.0,228.0,776.0,207.0,2.125,<1H OCEAN,112558.18
-121.1,38.92,21.0,4064.0,871.0,1847.0,859.0,3.0321,INLAND,166050.84
-120.83,37.79,16.0,893.0,164.0,548.0,155.0,3.6875,INLAND,149199.81
-122.3,41.32,13.0,2300.0,513.0,1151.0,488.0,2.1571,INLAND,78537.05
-117.17,32.82,24.0,1623.0,417.0,911.0,397.0,2.7401,NEAR OCEAN,174455.33
-118.63,34.11,35.0,3795.0,690.0,1521.0,653.0,5.8735,<1H OCEAN,406448.12
-115.56,32.78,29.0,1568.0,283.0,848.0,245.0,3.1597,INLAND,79163.87
-118.33,34.0,47.0,825.0,187.0,416.0,173.0,2.3333,<1H OCEAN,147294.5
-118.01,33.95,37.0,1165.0,210.0,627.0,221.0,4.6923,<1H OCEAN,197040.84
-118.2,33.82,34.0,2807.0,768.0,2217.0,744.0,2.4286,NEAR OCEAN,162585.95
-116.91,32.8,32.0,1943.0,287.0,1081.0,292.0,5.6846,<1H OCEAN,190131.4
-118.36,33.96,26.0,3543.0,,2742.0,951.0,2.5504,<1H OCEAN,173577.08
-122.24,37.82,52.0,3665.0,517.0,1470.0,520.0,6.155,NEAR BAY,379707.62
-117.66,33.59,18.0,4552.0,706.0,1918.0,671.0,7.5791,<1H OCEAN,309393.66
-118.28,33.78,37.0,1212.0,304.0,1076.0,293.0,3.2115,<1H OCEAN,177329.5
-119.66,36.33,16.0,2048.0,373.0,1052.0,388.0,4.0909,INLAND,109090.016
-122.11,37.4,31.0,2836.0,490.0,1138.0,481.0,4.9519,NEAR BAY,373807.34
-121.96,37.35,37.0,1755.0,325.0,699.0,321.0,3.925,<1H OCEAN,274990.4
-119.28,36.32,16.0,2812.0,514.0,1620.0,523.0,3.7404,INLAND,88705.0
-122.44,37.78,16.0,883.0,236.0,601.0,219.0,2.151,NEAR BAY,188355.03
-122.21,37.49,24.0,2528.0,947.0,2437.0,861.0,2.2746,NEAR BAY,182015.72
-118.42,34.2,34.0,161.0,48.0,66.0,33.0,1.0,<1H OCEAN,183653.56
-118.12,34.07,45.0,1770.0,423.0,1410.0,389.0,3.0592,<1H OCEAN,200914.27
-118.3,34.0,52.0,1743.0,421.0,1206.0,384.0,1.6875,<1H OCEAN,107171.92
-118.59,34.21,17.0,2737.0,868.0,2924.0,785.0,2.5797,<1H OCEAN,187473.36
-116.31,33.67,15.0,2214.0,410.0,1152.0,350.0,2.9187,INLAND,117166.99
-117.28,33.1,13.0,2644.0,422.0,1197.0,399.0,6.5338,NEAR OCEAN,297780.47
-117.24,32.95,18.0,1591.0,268.0,547.0,243.0,5.9547,NEAR OCEAN,338407.1
-121.31,38.68,22.0,1194.0,207.0,545.0,223.0,3.8603,INLAND,126825.24
-122.04,37.97,21.0,6445.0,1839.0,3621.0,1735.0,2.5841,NEAR BAY,140922.84
-122.25,38.09,48.0,833.0,188.0,652.0,165.0,2.2417,NEAR BAY,98214.94
-121.95,37.33,36.0,1683.0,286.0,740.0,324.0,4.7604,<1H OCEAN,286447.53
-122.67,38.24,29.0,2644.0,464.0,1372.0,450.0,5.0544,<1H OCEAN,218349.45
-119.81,36.71,25.0,1026.0,221.0,789.0,183.0,1.5625,INLAND,50528.086
-118.39,34.08,52.0,1244.0,304.0,444.0,282.0,3.5114,<1H OCEAN,414845.28
-118.5,34.23,26.0,3082.0,573.0,1590.0,586.0,4.5167,<1H OCEAN,238283.2
-118.98,35.35,21.0,496.0,131.0,511.0,124.0,1.7614,INLAND,56712.434
-119.79,36.79,26.0,1700.0,423.0,909.0,386.0,2.256,INLAND,71776.99
-117.88,34.14,23.0,2308.0,322.0,1001.0,317.0,7.5112,INLAND,315525.78
-117.81,33.77,31.0,4624.0,624.0,1852.0,635.0,7.2392,<1H OCEAN,330749.88
-122.87,38.68,32.0,4073.0,718.0,2053.0,629.0,3.7352,<1H OCEAN,198813.11
-118.62,34.22,34.0,2633.0,471.0,1313.0,428.0,4.0909,<1H OCEAN,228937.75
-119.83,36.77,32.0,2867.0,615.0,1705.0,570.0,2.4286,INLAND,66810.01
-121.38,38.68,40.0,67.0,17.0,50.0,32.0,1.7596,INLAND,108275.59
-122.96,38.26,20.0,1982.0,358.0,308.0,132.0,3.1429,NEAR OCEAN,243778.72
-117.07,34.05,14.0,5764.0,1006.0,1876.0,841.0,1.9694,INLAND,112903.516
-122.21,37.43,33.0,1606.0,254.0,727.0,271.0,8.6963,NEAR OCEAN,476227.25
-117.44,33.99,12.0,9966.0,1517.0,5008.0,1492.0,4.5625,INLAND,159323.67
-117.87,33.63,9.0,6163.0,1004.0,1912.0,903.0,10.8289,<1H OCEAN,530008.8
-117.24,34.04,5.0,1775.0,234.0,726.0,222.0,7.978,INLAND,280009.78
-117.91,33.65,24.0,885.0,321.0,590.0,254.0,2.625,<1H OCEAN,250319.16
-117.62,34.03,15.0,3942.0,661.0,2240.0,621.0,4.8311,INLAND,164475.9
-117.03,32.97,16.0,3936.0,694.0,1935.0,659.0,4.5625,<1H OCEAN,176053.6
-117.01,33.75,15.0,2873.0,903.0,1094.0,659.0,1.8015,INLAND,103040.72
-121.29,37.96,48.0,1778.0,541.0,1237.0,462.0,1.3438,INLAND,65554.43
-122.04,37.37,23.0,5135.0,911.0,2351.0,863.0,5.2319,<1H OCEAN,361458.03
-118.39,33.85,17.0,1610.0,379.0,670.0,341.0,4.3594,<1H OCEAN,383886.72
-118.3,34.26,42.0,2186.0,423.0,1145.0,439.0,4.81,<1H OCEAN,225748.67
-122.19,37.73,45.0,1528.0,291.0,801.0,287.0,1.2625,NEAR BAY,98065.555
-117.25,32.8,32.0,1601.0,468.0,731.0,429.0,2.5568,NEAR OCEAN,292382.53
-117.08,32.57,9.0,6298.0,1512.0,4451.0,1456.0,2.569,NEAR OCEAN,135157.45
-121.83,40.69,14.0,821.0,170.0,477.0,129.0,3.15,INLAND,99168.89
-120.42,38.42,18.0,2912.0,663.0,999.0,411.0,2.7344,INLAND,117482.82
-117.88,34.13,33.0,3713.0,718.0,2106.0,720.0,4.0023,<1H OCEAN,196561.83
-122.45,37.74,46.0,6429.0,1093.0,2535.0,1109.0,5.0887,NEAR BAY,364860.47
-117.97,33.94,34.0,1632.0,263.0,690.0,268.0,5.5608,<1H OCEAN,266543.72
-117.02,32.67,20.0,1505.0,184.0,635.0,182.0,6.5772,NEAR OCEAN,264499.44
-117.33,33.97,8.0,152.0,19.0,1275.0,20.0,1.625,INLAND,115750.85
-118.35,33.87,34.0,2823.0,500.0,1429.0,483.0,5.5,<1H OCEAN,290267.44
-118.2,34.14,51.0,1941.0,378.0,1012.0,371.0,3.9375,<1H OCEAN,226479.7
-118.23,34.22,36.0,2288.0,439.0,1079.0,434.0,4.5486,<1H OCEAN,287178.38
-121.95,37.34,25.0,5236.0,1320.0,2529.0,1213.0,3.1702,<1H OCEAN,240777.27
-122.02,37.34,26.0,1992.0,328.0,980.0,342.0,6.2475,<1H OCEAN,310312.97
-121.36,38.66,14.0,756.0,141.0,424.0,155.0,3.6953,INLAND,130742.68
-116.95,33.86,1.0,6.0,2.0,8.0,2.0,1.625,INLAND,223242.72
-117.85,34.1,22.0,5179.0,944.0,2315.0,884.0,4.51,<1H OCEAN,259782.25
-118.01,33.84,35.0,4166.0,713.0,2354.0,709.0,5.1775,<1H OCEAN,215940.42
-118.3,33.82,26.0,2080.0,560.0,2096.0,506.0,2.8106,<1H OCEAN,194165.73
-121.8,37.26,16.0,1868.0,285.0,995.0,284.0,5.9053,<1H OCEAN,266952.38
-118.35,34.01,33.0,3246.0,601.0,1585.0,603.0,3.6629,<1H OCEAN,233958.27
-118.24,33.94,42.0,380.0,106.0,411.0,100.0,0.9705,<1H OCEAN,88905.695
-118.1,33.74,31.0,1310.0,342.0,563.0,310.0,4.6528,NEAR OCEAN,416010.72
-118.38,33.81,39.0,2400.0,373.0,877.0,372.0,5.7361,NEAR OCEAN,453307.66
-118.23,34.18,45.0,2332.0,,943.0,339.0,8.1132,<1H OCEAN,459812.66
-121.48,38.52,34.0,2561.0,497.0,1583.0,530.0,3.1583,INLAND,93296.305
-118.21,34.09,39.0,1287.0,353.0,1171.0,345.0,1.6118,<1H OCEAN,151443.86
-118.24,33.9,38.0,2055.0,442.0,1518.0,425.0,2.3382,<1H OCEAN,124026.89
-119.81,36.76,48.0,2059.0,388.0,834.0,405.0,2.9306,INLAND,87955.56
-117.09,34.01,37.0,106.0,18.0,27.0,12.0,4.0556,INLAND,141755.03
-121.02,37.71,25.0,207.0,41.0,87.0,43.0,3.6023,INLAND,172351.2
-122.42,37.75,52.0,2708.0,762.0,1460.0,741.0,2.9052,NEAR BAY,326530.9
-119.74,36.71,17.0,5872.0,1250.0,5034.0,1224.0,2.1905,INLAND,65506.695
-118.46,33.99,37.0,1828.0,460.0,1075.0,453.0,4.337,<1H OCEAN,328479.0
-117.57,34.07,4.0,2152.0,580.0,1083.0,441.0,3.1458,INLAND,149112.92
-118.44,34.26,34.0,1102.0,212.0,949.0,212.0,4.0792,<1H OCEAN,160074.8
-122.06,37.85,17.0,7475.0,1556.0,2092.0,1449.0,3.6437,NEAR BAY,262472.56
-123.17,39.18,14.0,2240.0,327.0,1030.0,308.0,5.9585,<1H OCEAN,250507.28
-122.25,37.47,35.0,3183.0,515.0,1313.0,487.0,5.9062,NEAR OCEAN,400784.06
-122.1,37.63,29.0,2172.0,435.0,1377.0,408.0,3.7895,NEAR BAY,172724.0
-117.79,33.75,26.0,2955.0,377.0,1074.0,373.0,9.3845,<1H OCEAN,446082.88
-122.27,41.23,40.0,1958.0,386.0,725.0,331.0,2.1898,INLAND,56484.32
-122.06,37.95,36.0,2213.0,386.0,950.0,370.0,4.7386,NEAR BAY,209909.7
-121.6,37.91,13.0,2479.0,394.0,1075.0,350.0,5.1017,INLAND,228497.14
-122.36,40.62,11.0,3896.0,886.0,1902.0,843.0,2.2905,INLAND,98025.18
-117.36,34.0,19.0,4592.0,895.0,2769.0,838.0,3.3622,INLAND,118808.71
-122.48,37.79,52.0,4683.0,1055.0,2246.0,975.0,4.1148,NEAR BAY,440677.78
-118.44,34.02,32.0,2242.0,490.0,921.0,461.0,4.0429,<1H OCEAN,438219.6
-118.36,33.98,46.0,1425.0,283.0,782.0,273.0,5.057,<1H OCEAN,224521.89
-122.29,37.91,38.0,2591.0,424.0,905.0,378.0,5.1691,NEAR BAY,309876.22
-117.26,33.86,16.0,1171.0,235.0,659.0,216.0,3.1103,INLAND,132723.31
-121.3,38.66,28.0,3391.0,550.0,1546.0,553.0,4.2188,INLAND,148915.08
-117.6,33.42,23.0,2482.0,461.0,1048.0,425.0,4.665,NEAR OCEAN,325154.6
-120.74,39.9,23.0,1017.0,218.0,387.0,152.0,2.2656,INLAND,62585.543
-117.97,34.11,18.0,123.0,28.0,121.0,26.0,3.0417,INLAND,250858.9
-118.11,34.12,52.0,2954.0,371.0,1152.0,347.0,11.5609,<1H OCEAN,515131.47
-117.18,32.81,19.0,6823.0,1509.0,3784.0,1509.0,3.1032,NEAR OCEAN,179899.06
-121.24,38.68,20.0,1402.0,236.0,676.0,236.0,3.7426,INLAND,130767.07
-117.98,33.75,27.0,2343.0,415.0,1537.0,426.0,5.1345,<1H OCEAN,204656.42
-118.93,34.18,18.0,2730.0,415.0,1248.0,412.0,6.187,<1H OCEAN,281455.34
-118.17,34.86,21.0,2370.0,540.0,1488.0,554.0,2.7361,INLAND,83445.516
-118.0,33.76,29.0,1982.0,503.0,1426.0,502.0,3.0263,<1H OCEAN,186638.47
-122.29,37.87,50.0,1829.0,536.0,1129.0,516.0,2.6684,NEAR BAY,191026.08
-119.04,34.34,35.0,462.0,90.0,334.0,96.0,5.3582,<1H OCEAN,304188.4
-119.86,36.8,18.0,2536.0,516.0,1196.0,466.0,2.5595,INLAND,81171.0
-121.66,36.67,40.0,2497.0,520.0,1275.0,508.0,3.1071,<1H OCEAN,182099.06
-122.45,37.77,52.0,3939.0,852.0,1737.0,797.0,4.5052,NEAR BAY,453874.3
-117.93,34.08,35.0,689.0,128.0,379.0,128.0,3.9583,<1H OCEAN,177783.84
-121.77,37.74,25.0,494.0,81.0,254.0,85.0,9.1531,INLAND,378536.03
-117.03,32.78,17.0,5481.0,1618.0,2957.0,1537.0,2.5707,<1H OCEAN,124242.04
-116.94,32.85,31.0,1293.0,232.0,599.0,228.0,4.7578,<1H OCEAN,192409.22
-117.42,34.02,9.0,5455.0,882.0,3015.0,858.0,4.2321,INLAND,146277.72
-122.28,37.8,38.0,684.0,176.0,344.0,155.0,2.0114,NEAR BAY,148870.89
-117.69,34.07,34.0,4055.0,739.0,2470.0,753.0,3.8586,INLAND,140733.9
-117.88,33.85,22.0,1105.0,241.0,971.0,249.0,3.1667,<1H OCEAN,177822.97
-117.25,33.38,16.0,3536.0,765.0,2007.0,687.0,3.0,<1H OCEAN,161936.22
-121.89,37.31,40.0,1844.0,340.0,719.0,305.0,3.3682,<1H OCEAN,268222.9
-122.01,37.39,26.0,2500.0,962.0,2374.0,879.0,3.5586,<1H OCEAN,208231.56
-122.68,38.45,36.0,1686.0,303.0,744.0,304.0,4.0139,<1H OCEAN,208075.31
-120.96,37.67,18.0,1442.0,229.0,538.0,220.0,4.2969,INLAND,188864.64
-122.46,37.76,52.0,1817.0,449.0,948.0,380.0,3.93,NEAR BAY,342545.06
-117.12,34.21,19.0,4641.0,994.0,1334.0,474.0,4.5972,INLAND,152004.81
-122.47,37.71,37.0,1046.0,251.0,822.0,239.0,3.5,NEAR OCEAN,236417.72
-121.9,38.01,34.0,3779.0,766.0,2356.0,722.0,3.5129,INLAND,108950.71
-121.99,37.39,25.0,3495.0,834.0,2484.0,797.0,4.8145,<1H OCEAN,218569.38
-118.93,36.1,19.0,2988.0,681.0,1654.0,576.0,2.3792,INLAND,72641.69
-118.29,33.92,23.0,2503.0,532.0,1735.0,505.0,2.7368,<1H OCEAN,155071.94
-121.28,37.97,47.0,2348.0,507.0,1455.0,479.0,1.65,INLAND,57015.832
-117.95,33.84,18.0,3418.0,815.0,1961.0,773.0,3.65,<1H OCEAN,200669.9
-122.37,37.94,40.0,1064.0,266.0,912.0,239.0,1.0521,NEAR BAY,84167.42
-117.89,33.88,33.0,1582.0,256.0,771.0,240.0,5.3836,<1H OCEAN,219493.5
-117.87,33.64,26.0,3521.0,455.0,1336.0,451.0,10.2849,<1H OCEAN,480661.22
-119.09,36.22,34.0,1715.0,290.0,780.0,297.0,3.4306,INLAND,104579.195
-117.22,32.83,31.0,2558.0,512.0,1164.0,492.0,3.4318,NEAR OCEAN,208326.2
-122.08,37.88,24.0,2059.0,462.0,410.0,294.0,2.3971,NEAR BAY,183389.25
-118.3,34.08,32.0,2880.0,1063.0,3646.0,1028.0,2.3846,<1H OCEAN,254321.89
-117.8,33.53,41.0,2017.0,489.0,783.0,403.0,4.1591,<1H OCEAN,477278.88
-121.37,38.68,35.0,1620.0,276.0,939.0,277.0,2.5542,INLAND,90056.63
-122.54,37.99,32.0,2236.0,348.0,818.0,330.0,7.3521,NEAR BAY,429079.38
-118.26,34.24,35.0,1535.0,283.0,816.0,287.0,6.1873,<1H OCEAN,295705.12
-121.27,38.65,25.0,2787.0,601.0,1247.0,522.0,2.9016,INLAND,127128.16
-121.48,38.56,46.0,1476.0,344.0,688.0,353.0,2.7316,INLAND,91228.78
-119.02,36.09,15.0,2234.0,415.0,1254.0,420.0,3.0234,INLAND,77679.5
-118.47,34.15,43.0,804.0,117.0,267.0,110.0,8.2269,<1H OCEAN,503345.6
-122.17,37.72,42.0,3008.0,659.0,1817.0,664.0,3.371,NEAR BAY,157386.88
-121.99,37.34,27.0,3353.0,653.0,1571.0,621.0,5.273,<1H OCEAN,311470.06
-117.07,32.57,14.0,1527.0,357.0,1224.0,363.0,2.7361,NEAR OCEAN,119511.266
-119.3,34.27,17.0,1527.0,503.0,688.0,423.0,1.6007,NEAR OCEAN,201153.62
-117.09,32.56,8.0,864.0,156.0,626.0,172.0,4.8984,NEAR OCEAN,155798.44
-118.16,34.06,25.0,4284.0,741.0,2163.0,701.0,6.1509,<1H OCEAN,327431.22
-118.12,33.81,37.0,1798.0,331.0,860.0,340.0,4.2143,<1H OCEAN,242159.36
-122.84,38.41,19.0,2191.0,391.0,1065.0,404.0,4.125,<1H OCEAN,236882.66
-118.08,34.02,14.0,3789.0,810.0,2551.0,793.0,2.9321,<1H OCEAN,179412.61
-122.39,40.53,28.0,1427.0,304.0,692.0,285.0,2.125,INLAND,68138.53
-117.75,33.95,13.0,984.0,127.0,364.0,119.0,7.5839,<1H OCEAN,320304.6
-122.21,37.77,52.0,745.0,153.0,473.0,149.0,2.6765,NEAR BAY,130996.96
-121.93,37.04,36.0,1522.0,230.0,677.0,206.0,5.8642,<1H OCEAN,324922.28
-122.11,37.41,33.0,1641.0,284.0,659.0,282.0,6.0884,NEAR BAY,413861.1
-117.66,34.02,12.0,5616.0,871.0,3019.0,782.0,5.5425,INLAND,185098.95
-121.89,39.71,26.0,2741.0,451.0,1217.0,437.0,3.7007,INLAND,104878.35
-117.98,33.72,24.0,2826.0,547.0,1738.0,546.0,6.0494,<1H OCEAN,238557.48
-121.82,37.36,34.0,1834.0,377.0,1450.0,347.0,3.7188,<1H OCEAN,178806.98
-122.25,37.85,52.0,1627.0,280.0,565.0,259.0,3.8462,NEAR BAY,291105.5
-117.99,33.94,30.0,2395.0,565.0,1214.0,521.0,3.7045,<1H OCEAN,213193.2
-122.28,37.87,52.0,1813.0,353.0,828.0,339.0,3.5625,NEAR BAY,202686.62
-115.6,33.04,31.0,314.0,61.0,152.0,56.0,3.3472,INLAND,79791.67
-121.44,38.61,34.0,172.0,38.0,149.0,55.0,2.6442,INLAND,118120.08
-117.27,34.45,8.0,6463.0,1095.0,3213.0,1031.0,3.2215,INLAND,108758.52
-121.04,37.69,5.0,9601.0,1639.0,4449.0,1575.0,4.5332,INLAND,175666.28
-118.3,34.17,30.0,48.0,14.0,74.0,16.0,5.0056,<1H OCEAN,271449.06
-117.81,34.12,23.0,7063.0,1176.0,3100.0,1112.0,4.8229,INLAND,242865.14
-119.7,34.41,19.0,2086.0,575.0,1701.0,530.0,2.8042,NEAR OCEAN,253001.7
-120.85,37.49,39.0,2840.0,733.0,2606.0,737.0,1.9429,INLAND,74808.305
-119.27,34.44,22.0,3527.0,711.0,1483.0,640.0,2.7019,<1H OCEAN,245407.12
-117.93,34.57,5.0,5613.0,1060.0,3569.0,999.0,3.1946,INLAND,110039.56
-117.74,34.04,27.0,2215.0,440.0,1987.0,449.0,3.0429,INLAND,119749.28
-121.42,37.73,2.0,2682.0,393.0,883.0,271.0,5.9934,INLAND,261355.67
-121.94,37.8,8.0,11336.0,1657.0,4089.0,1555.0,7.8287,<1H OCEAN,417119.06
-118.27,33.78,21.0,3354.0,1174.0,4426.0,1110.0,2.5262,<1H OCEAN,164966.0
-123.79,39.44,49.0,2290.0,482.0,1201.0,479.0,3.5,<1H OCEAN,136117.42
-121.42,38.51,21.0,3249.0,666.0,2611.0,663.0,1.9423,INLAND,80269.92
-119.93,35.2,29.0,1649.0,342.0,671.0,264.0,3.0602,INLAND,92468.66
-118.25,34.01,36.0,879.0,262.0,1034.0,236.0,1.2857,<1H OCEAN,107614.31
-118.41,34.02,19.0,4702.0,1472.0,2636.0,1334.0,3.3955,<1H OCEAN,340629.1
-118.37,34.11,42.0,5518.0,979.0,1863.0,957.0,8.5842,<1H OCEAN,526418.1
-122.22,37.79,44.0,1487.0,314.0,961.0,272.0,3.5156,NEAR BAY,154417.39
-121.92,36.61,27.0,3044.0,661.0,1229.0,618.0,3.1359,NEAR OCEAN,279502.38
-118.51,34.18,37.0,1893.0,365.0,911.0,324.0,4.8036,<1H OCEAN,253772.73
-121.18,38.07,21.0,2333.0,377.0,1073.0,332.0,4.8125,INLAND,172440.52
-118.24,33.95,40.0,1193.0,280.0,1210.0,286.0,1.35,<1H OCEAN,89933.26
-118.15,34.03,43.0,2006.0,472.0,1687.0,463.0,1.7991,<1H OCEAN,156755.5
-118.33,33.93,37.0,4916.0,1134.0,3533.0,1035.0,3.2862,<1H OCEAN,183521.38
-117.77,33.53,46.0,1033.0,223.0,462.0,224.0,3.2708,<1H OCEAN,303731.28
-122.47,37.75,45.0,2399.0,426.0,911.0,423.0,4.4312,NEAR BAY,341374.1
-118.12,33.91,35.0,620.0,122.0,381.0,124.0,3.7917,<1H OCEAN,180931.19
-117.21,33.93,4.0,10002.0,1468.0,5439.0,1397.0,5.0223,INLAND,155992.77
-118.36,34.22,37.0,1512.0,348.0,1545.0,351.0,3.7663,<1H OCEAN,164181.73
-121.36,38.6,35.0,1930.0,328.0,805.0,338.0,4.4643,INLAND,142303.64
-117.78,33.86,16.0,3471.0,708.0,1769.0,691.0,4.1064,<1H OCEAN,193367.31
-118.01,33.91,32.0,2722.0,571.0,2541.0,462.0,4.2305,<1H OCEAN,160452.06
-124.02,40.72,28.0,3513.0,634.0,1658.0,598.0,3.8095,<1H OCEAN,117108.53
-121.96,38.34,15.0,2857.0,373.0,1325.0,359.0,6.0252,INLAND,211080.61
-117.97,34.01,33.0,2006.0,381.0,1410.0,346.0,3.7083,<1H OCEAN,162569.08
-121.46,38.57,52.0,893.0,159.0,367.0,160.0,3.2386,INLAND,142615.17
-118.17,34.05,39.0,962.0,229.0,999.0,221.0,3.375,<1H OCEAN,147932.02
-121.34,38.66,18.0,4164.0,963.0,2032.0,898.0,2.119,INLAND,114433.39
-119.09,36.21,43.0,1335.0,280.0,943.0,288.0,1.9861,INLAND,56400.492
-118.25,33.96,48.0,1052.0,234.0,793.0,216.0,1.6585,<1H OCEAN,99869.81
-118.15,33.98,37.0,1184.0,290.0,1320.0,276.0,2.3,<1H OCEAN,158546.25
-120.04,36.97,20.0,2129.0,526.0,1845.0,522.0,1.8973,INLAND,63313.17
-122.42,37.74,52.0,1674.0,346.0,734.0,335.0,3.8864,NEAR BAY,301686.38
-118.26,34.01,38.0,697.0,208.0,749.0,206.0,1.4653,<1H OCEAN,114038.59
-118.55,34.38,24.0,6246.0,1028.0,2803.0,999.0,6.3002,<1H OCEAN,296821.9
-122.24,37.48,40.0,4459.0,1027.0,2080.0,982.0,3.5322,NEAR OCEAN,326253.44
-122.45,37.75,36.0,2303.0,381.0,862.0,371.0,6.0274,NEAR BAY,393333.8
-118.42,33.75,22.0,17591.0,2604.0,6897.0,2492.0,8.2831,NEAR OCEAN,496993.38
-116.83,32.81,18.0,2367.0,402.0,1021.0,395.0,4.8125,<1H OCEAN,187345.92
-118.3,34.26,40.0,1065.0,214.0,605.0,183.0,4.1964,<1H OCEAN,187786.8
-117.14,32.75,25.0,1908.0,513.0,956.0,467.0,2.4828,NEAR OCEAN,148011.48
-120.37,34.9,17.0,2649.0,386.0,1057.0,362.0,4.7813,<1H OCEAN,209009.02
-117.13,32.76,29.0,2568.0,682.0,1191.0,642.0,2.1094,NEAR OCEAN,170001.98
-121.45,36.51,29.0,1045.0,311.0,1245.0,273.0,1.775,<1H OCEAN,124538.29
-117.67,33.56,4.0,3289.0,728.0,1345.0,632.0,4.6863,<1H OCEAN,221520.14
-122.66,38.48,21.0,2066.0,393.0,919.0,395.0,3.267,<1H OCEAN,189948.86
-115.85,34.2,34.0,3868.0,1257.0,890.0,423.0,1.3571,INLAND,65523.535
-118.26,34.08,45.0,2174.0,627.0,1992.0,557.0,2.5428,<1H OCEAN,176348.0
-117.08,32.64,38.0,917.0,256.0,494.0,233.0,1.9241,NEAR OCEAN,167180.58
-121.35,38.62,28.0,4175.0,796.0,2032.0,830.0,3.4299,INLAND,122197.13
-117.01,32.99,8.0,3372.0,430.0,1536.0,448.0,8.4284,<1H OCEAN,366679.38
-122.3,37.53,43.0,1748.0,366.0,984.0,371.0,4.5116,NEAR OCEAN,300525.88
-119.68,36.79,16.0,1551.0,,1010.0,292.0,3.5417,INLAND,88046.65
-118.29,33.94,38.0,2407.0,630.0,1774.0,562.0,1.5615,<1H OCEAN,116802.76
-120.82,37.54,20.0,707.0,114.0,282.0,86.0,6.1324,INLAND,236097.14
-117.98,33.89,18.0,2939.0,437.0,1278.0,435.0,7.1425,<1H OCEAN,329110.72
-121.25,38.07,28.0,2103.0,422.0,1167.0,391.0,3.0592,INLAND,101227.89
-119.25,36.32,32.0,1821.0,345.0,812.0,299.0,2.75,INLAND,84814.14
-121.85,37.26,16.0,1982.0,280.0,1030.0,297.0,6.4339,<1H OCEAN,270955.16
-118.93,35.44,13.0,1439.0,237.0,557.0,227.0,6.1563,INLAND,148827.14
-118.5,34.05,39.0,1487.0,163.0,414.0,160.0,15.0,<1H OCEAN,504840.9
-119.37,36.35,20.0,1132.0,177.0,518.0,178.0,5.3767,INLAND,145184.38
-118.48,34.02,29.0,1585.0,542.0,1019.0,487.0,2.7072,<1H OCEAN,364564.3
-118.01,33.78,19.0,2648.0,478.0,1160.0,452.0,5.9357,<1H OCEAN,302032.88
-117.83,34.11,29.0,2671.0,437.0,1484.0,445.0,4.9844,INLAND,198698.05
-122.39,37.74,45.0,1462.0,308.0,924.0,302.0,2.1767,NEAR BAY,171379.34
-117.09,32.75,28.0,1220.0,391.0,1286.0,396.0,1.2286,NEAR OCEAN,102752.68
-118.62,34.2,23.0,3098.0,542.0,1486.0,492.0,5.7613,<1H OCEAN,266774.88
-121.79,36.95,34.0,2152.0,430.0,1516.0,386.0,3.7863,<1H OCEAN,194216.61
-121.46,38.52,29.0,3873.0,797.0,2237.0,706.0,2.1736,INLAND,78792.45
-118.57,34.25,34.0,5098.0,778.0,2239.0,778.0,5.6149,<1H OCEAN,302894.75
-122.3,38.29,48.0,2278.0,477.0,1219.0,453.0,2.9643,NEAR BAY,147672.3
-118.19,34.65,33.0,1781.0,326.0,913.0,314.0,3.9963,INLAND,158984.81
-117.21,33.13,15.0,1889.0,368.0,754.0,409.0,2.2278,NEAR OCEAN,182961.2
-122.25,37.82,26.0,3959.0,1196.0,1749.0,1217.0,3.0233,NEAR BAY,250213.72
-118.45,34.07,13.0,4284.0,1452.0,3806.0,1252.0,1.3125,<1H OCEAN,339677.78
-118.23,33.9,34.0,2462.0,553.0,2334.0,502.0,1.641,<1H OCEAN,107206.766
-118.39,33.81,35.0,1008.0,165.0,391.0,167.0,3.7778,NEAR OCEAN,391072.2
-117.76,35.63,12.0,2014.0,372.0,1027.0,356.0,3.9261,INLAND,97963.44
-122.04,39.72,23.0,2502.0,481.0,1443.0,455.0,2.5625,INLAND,81163.56
-118.44,34.29,35.0,2606.0,447.0,1555.0,404.0,4.6864,<1H OCEAN,205275.67
-121.61,37.15,16.0,5498.0,729.0,2051.0,694.0,7.8601,<1H OCEAN,445895.97
-122.41,37.66,37.0,694.0,188.0,658.0,225.0,4.6103,NEAR OCEAN,242216.5
-122.5,37.76,43.0,2108.0,456.0,1299.0,447.0,3.1406,NEAR OCEAN,276855.16
-118.51,34.22,36.0,1952.0,387.0,1156.0,392.0,4.185,<1H OCEAN,213257.17
-118.09,34.74,34.0,1218.0,285.0,797.0,248.0,2.4348,INLAND,101718.484
-118.39,34.19,25.0,3794.0,989.0,2454.0,876.0,2.9982,<1H OCEAN,202434.16
-117.25,32.96,18.0,4773.0,743.0,1970.0,716.0,6.6199,NEAR OCEAN,367710.34
-117.47,33.94,34.0,559.0,139.0,532.0,137.0,3.0687,INLAND,109165.67
-122.43,37.78,29.0,1310.0,364.0,1009.0,379.0,1.3844,NEAR BAY,231692.1
-117.96,33.6,34.0,959.0,230.0,384.0,197.0,5.2333,NEAR OCEAN,388669.1
-117.88,33.7,24.0,534.0,88.0,249.0,74.0,5.3254,<1H OCEAN,263466.72
-117.14,32.9,16.0,3217.0,,2054.0,687.0,4.2234,<1H OCEAN,170265.12
-116.31,33.66,7.0,4497.0,831.0,2248.0,713.0,3.6354,INLAND,119373.266
-117.79,33.7,16.0,6259.0,1098.0,3785.0,1114.0,6.3298,<1H OCEAN,263947.84
-122.19,37.42,47.0,932.0,167.0,295.0,116.0,8.4375,NEAR OCEAN,489275.88
-122.5,37.75,43.0,2373.0,481.0,1247.0,454.0,4.0985,NEAR OCEAN,281405.2
-122.46,37.75,52.0,1207.0,152.0,465.0,162.0,10.7569,NEAR BAY,474452.6
-118.19,34.05,29.0,855.0,199.0,785.0,169.0,2.6964,<1H OCEAN,142803.02
-118.48,33.99,46.0,2219.0,686.0,1107.0,590.0,2.5523,<1H OCEAN,344734.25
-118.24,34.06,19.0,2870.0,1021.0,3325.0,978.0,1.7395,<1H OCEAN,197214.08
-121.91,37.23,27.0,4866.0,668.0,1956.0,659.0,7.3843,<1H OCEAN,368676.84
-115.52,33.13,18.0,1109.0,283.0,1006.0,253.0,2.163,INLAND,63206.855
-122.36,37.72,10.0,479.0,125.0,355.0,108.0,2.7083,NEAR BAY,136016.47
-117.34,34.12,26.0,1008.0,164.0,568.0,196.0,3.3516,INLAND,100003.516
-122.45,37.71,50.0,1441.0,283.0,1159.0,286.0,4.5417,NEAR OCEAN,255283.38
-121.98,37.33,35.0,1907.0,326.0,912.0,313.0,5.9567,<1H OCEAN,298153.38
-118.27,34.05,25.0,1316.0,836.0,2796.0,784.0,1.7866,<1H OCEAN,188856.33
-118.61,34.16,29.0,4364.0,647.0,1550.0,624.0,6.8107,<1H OCEAN,408659.34
-118.14,34.16,38.0,1843.0,565.0,1449.0,524.0,2.2174,<1H OCEAN,187453.66
-117.13,32.72,52.0,1560.0,307.0,757.0,315.0,2.7083,NEAR OCEAN,194804.53
-117.09,32.68,30.0,2662.0,653.0,1997.0,605.0,2.8089,NEAR OCEAN,127026.13
-119.7,36.3,10.0,956.0,201.0,693.0,220.0,2.2895,INLAND,66509.54
-119.17,34.17,42.0,1411.0,300.0,1295.0,339.0,2.6667,NEAR OCEAN,165315.56
-117.1,34.57,6.0,5110.0,1044.0,1938.0,724.0,3.1917,INLAND,114088.984
-122.29,37.91,40.0,2085.0,329.0,796.0,339.0,5.5357,NEAR BAY,313110.78
-118.74,34.05,19.0,3487.0,686.0,2782.0,584.0,7.9184,NEAR OCEAN,427414.25
-117.14,33.12,7.0,6126.0,1032.0,2662.0,923.0,4.9005,<1H OCEAN,236521.2
-122.27,37.56,17.0,3211.0,847.0,1553.0,812.0,4.9434,NEAR BAY,304359.72
-122.34,40.51,16.0,2247.0,502.0,1206.0,463.0,1.9946,INLAND,74849.62
-122.26,37.46,26.0,5067.0,750.0,1996.0,728.0,7.0001,NEAR OCEAN,459800.34
-118.81,34.25,4.0,9147.0,1827.0,3950.0,1661.0,5.716,<1H OCEAN,279188.94
-121.55,38.59,36.0,435.0,95.0,285.0,90.0,1.2292,INLAND,85038.45
-118.18,34.16,34.0,5012.0,746.0,1699.0,715.0,9.4987,<1H OCEAN,476838.16
-117.12,32.75,25.0,2222.0,634.0,1025.0,568.0,1.64,NEAR OCEAN,131844.1
-119.17,34.2,40.0,1083.0,319.0,1843.0,349.0,2.3077,NEAR OCEAN,180037.62
-118.26,34.23,43.0,1428.0,325.0,836.0,302.0,4.5759,<1H OCEAN,253942.8
-117.88,33.74,16.0,1444.0,446.0,2329.0,441.0,3.1691,<1H OCEAN,151879.88
-118.39,34.06,37.0,2975.0,705.0,1291.0,654.0,5.3316,<1H OCEAN,470791.16
-118.18,34.05,41.0,616.0,196.0,814.0,180.0,3.3333,<1H OCEAN,133366.12
-118.32,33.98,40.0,1298.0,277.0,791.0,255.0,3.2344,<1H OCEAN,158368.89
-119.13,36.3,33.0,3379.0,612.0,1565.0,618.0,2.7321,INLAND,89550.32
-118.06,34.07,30.0,2308.0,674.0,3034.0,691.0,2.3929,<1H OCEAN,177437.22
-118.03,33.78,26.0,2001.0,302.0,836.0,298.0,5.1061,<1H OCEAN,261210.77
-117.73,34.06,51.0,498.0,115.0,368.0,112.0,1.4063,INLAND,113968.234
-118.45,34.2,27.0,1572.0,450.0,1039.0,455.0,2.5562,<1H OCEAN,193847.03
-120.58,39.27,15.0,4126.0,903.0,723.0,266.0,3.0147,INLAND,121572.04
-121.97,37.36,24.0,4841.0,894.0,2656.0,920.0,6.0573,<1H OCEAN,296926.66
-117.06,32.6,24.0,1088.0,268.0,1095.0,246.0,2.4191,NEAR OCEAN,119642.36
-116.4,33.78,8.0,3059.0,500.0,612.0,208.0,6.8729,INLAND,286638.6
-118.39,34.23,43.0,1193.0,299.0,1184.0,320.0,2.1518,<1H OCEAN,150013.86
-118.36,34.05,48.0,1835.0,380.0,956.0,370.0,3.2813,<1H OCEAN,272088.2
-122.72,38.31,26.0,1644.0,294.0,801.0,291.0,4.3906,<1H OCEAN,225389.64
-121.95,37.31,27.0,4140.0,,2135.0,893.0,3.6292,<1H OCEAN,266228.0
-122.17,40.2,28.0,1782.0,334.0,873.0,311.0,3.3594,INLAND,75682.48
-118.93,34.82,24.0,806.0,168.0,323.0,136.0,3.5,INLAND,124710.88
-117.76,34.1,28.0,4086.0,871.0,1973.0,853.0,2.621,INLAND,148180.84
-121.4,36.83,11.0,3701.0,739.0,1749.0,654.0,3.067,INLAND,174389.39
-121.84,37.27,9.0,3624.0,812.0,1856.0,721.0,4.2083,<1H OCEAN,201706.4
-118.32,34.02,52.0,2511.0,587.0,1660.0,546.0,2.6098,<1H OCEAN,160782.98
-122.56,38.06,19.0,15622.0,2721.0,6109.0,2615.0,5.0965,NEAR BAY,249152.36
-118.27,33.98,45.0,1696.0,424.0,1502.0,429.0,1.3042,<1H OCEAN,104534.984
-120.02,37.57,17.0,2116.0,425.0,909.0,319.0,2.7188,INLAND,110530.89
-118.29,34.11,30.0,2774.0,570.0,1076.0,580.0,5.296,<1H OCEAN,365383.16
-117.37,34.59,39.0,8193.0,1747.0,6852.0,1597.0,2.3832,INLAND,115957.94
-122.56,37.92,37.0,1926.0,290.0,721.0,298.0,8.9248,NEAR BAY,496113.1
-121.79,37.99,18.0,3646.0,534.0,1651.0,535.0,5.7321,INLAND,208879.44
-122.08,37.63,31.0,767.0,171.0,548.0,185.0,3.7614,NEAR BAY,167680.19
-119.35,35.58,13.0,1657.0,362.0,1186.0,376.0,1.1903,INLAND,59363.957
-118.19,33.86,36.0,2013.0,546.0,1659.0,522.0,3.1215,<1H OCEAN,157243.95
-117.89,33.73,33.0,1308.0,375.0,2175.0,347.0,3.0824,<1H OCEAN,180025.03
-122.82,38.39,32.0,1437.0,257.0,752.0,245.0,4.7422,<1H OCEAN,240965.53
-118.24,33.98,45.0,972.0,249.0,1288.0,261.0,2.2054,<1H OCEAN,106484.43
-122.45,37.78,52.0,1345.0,291.0,560.0,294.0,3.7159,NEAR BAY,445452.16
-121.32,37.96,46.0,1832.0,365.0,975.0,373.0,2.0398,INLAND,66664.17
-118.52,34.4,5.0,7748.0,1557.0,4768.0,1393.0,5.305,<1H OCEAN,258575.92
-116.44,33.93,17.0,5293.0,1266.0,1201.0,599.0,1.6849,INLAND,87919.586
-117.69,33.65,15.0,5394.0,748.0,2383.0,706.0,7.5619,<1H OCEAN,311898.8
-118.49,34.2,35.0,1109.0,206.0,515.0,202.0,5.2118,<1H OCEAN,241419.4
-117.83,33.89,25.0,1737.0,270.0,840.0,265.0,4.625,<1H OCEAN,225035.23
-117.29,33.08,18.0,3225.0,515.0,1463.0,476.0,5.7787,NEAR OCEAN,316216.25
-122.42,37.78,52.0,1254.0,469.0,895.0,456.0,2.1516,NEAR BAY,305926.94
-121.87,37.35,27.0,3500.0,1036.0,3019.0,955.0,2.9222,<1H OCEAN,200394.42
-122.57,38.27,7.0,6508.0,1028.0,2902.0,1010.0,5.3707,<1H OCEAN,250635.39
-118.44,34.31,14.0,4151.0,941.0,3163.0,915.0,4.0301,<1H OCEAN,178976.67
-122.16,37.89,32.0,1779.0,241.0,721.0,258.0,8.7589,NEAR BAY,439630.94
-121.18,39.26,14.0,811.0,161.0,352.0,121.0,3.5938,INLAND,143680.44
-118.31,33.9,30.0,2407.0,581.0,1724.0,531.0,3.4792,<1H OCEAN,192565.1
-120.99,39.18,23.0,2550.0,457.0,1016.0,405.0,3.6607,INLAND,173421.28
-118.19,34.04,34.0,1011.0,274.0,1164.0,262.0,2.8542,<1H OCEAN,137579.9
-118.11,33.89,34.0,2508.0,594.0,1549.0,545.0,3.2069,<1H OCEAN,187283.55
-121.41,39.04,16.0,1698.0,300.0,731.0,291.0,3.0739,INLAND,127417.96
-120.41,37.88,16.0,744.0,141.0,311.0,122.0,4.4231,INLAND,135747.44
-117.11,33.23,13.0,5819.0,919.0,2228.0,866.0,4.9335,<1H OCEAN,299511.78
-120.08,34.62,11.0,3478.0,588.0,1693.0,582.0,4.6554,NEAR OCEAN,264473.84
-119.85,36.81,15.0,1743.0,310.0,1011.0,325.0,3.755,INLAND,86672.945
-118.26,33.89,36.0,923.0,165.0,603.0,191.0,3.5687,<1H OCEAN,153341.66
-118.08,34.15,28.0,238.0,58.0,142.0,31.0,0.4999,INLAND,193968.7
-117.24,32.73,37.0,2260.0,354.0,809.0,351.0,5.9113,NEAR OCEAN,397630.66
-117.25,34.41,13.0,3682.0,668.0,1606.0,668.0,2.1875,INLAND,91813.97
-118.15,33.89,30.0,4426.0,995.0,4196.0,921.0,3.274,<1H OCEAN,179637.44
-121.97,37.55,17.0,4924.0,1247.0,3080.0,1182.0,3.168,<1H OCEAN,200680.33
-121.3,37.97,52.0,2980.0,537.0,1128.0,510.0,4.061,INLAND,136054.61
-118.49,34.27,33.0,3047.0,527.0,1578.0,507.0,4.58,<1H OCEAN,233943.23
-118.23,33.96,44.0,3186.0,876.0,3913.0,842.0,3.0143,<1H OCEAN,142095.89
-121.58,37.01,15.0,2873.0,547.0,1582.0,567.0,5.1519,INLAND,258356.02
-121.34,38.02,30.0,4375.0,689.0,2038.0,709.0,5.1202,INLAND,155738.97
-116.72,34.89,14.0,4527.0,875.0,1640.0,590.0,2.8594,INLAND,94029.63
-121.44,38.54,39.0,2855.0,,1217.0,562.0,3.2404,INLAND,115400.875
-118.13,33.78,31.0,3039.0,739.0,1199.0,697.0,3.7232,NEAR OCEAN,331152.62
-122.16,37.77,45.0,2324.0,397.0,968.0,384.0,3.5739,NEAR BAY,191391.28
-123.2,39.23,26.0,786.0,168.0,494.0,161.0,2.3583,<1H OCEAN,113076.44
-122.35,40.56,12.0,3900.0,863.0,2145.0,864.0,1.9881,INLAND,85149.37
-118.32,33.9,36.0,1741.0,412.0,1245.0,423.0,4.1344,<1H OCEAN,185656.67
-121.1,38.33,14.0,1357.0,247.0,695.0,224.0,4.1974,INLAND,181898.06
-121.3,38.03,13.0,1014.0,200.0,712.0,197.0,3.1471,INLAND,106633.8
-118.16,34.71,27.0,6007.0,998.0,2680.0,882.0,4.1719,INLAND,172716.36
-118.61,34.23,26.0,3727.0,572.0,1724.0,530.0,6.1419,<1H OCEAN,262590.6
-122.83,38.58,17.0,5199.0,1023.0,2036.0,890.0,3.2452,<1H OCEAN,196644.55
-117.65,33.6,13.0,2319.0,430.0,1004.0,380.0,5.133,<1H OCEAN,230874.98
-121.23,40.01,38.0,725.0,190.0,219.0,115.0,1.625,INLAND,78425.07
-117.66,34.06,39.0,1405.0,339.0,1489.0,336.0,1.608,INLAND,98121.05
-119.15,34.25,36.0,3511.0,664.0,2965.0,695.0,4.0878,NEAR OCEAN,183747.75
-118.84,34.15,17.0,3785.0,494.0,1527.0,507.0,8.4443,<1H OCEAN,435313.34
-118.39,34.22,35.0,1790.0,334.0,1277.0,345.0,5.0818,<1H OCEAN,202237.78
-118.0,33.71,19.0,4808.0,1029.0,2422.0,971.0,4.0121,<1H OCEAN,245620.5
-122.01,37.36,25.0,2796.0,429.0,1267.0,426.0,6.6329,<1H OCEAN,356286.44
-118.4,33.97,37.0,1364.0,248.0,494.0,242.0,4.6364,<1H OCEAN,351646.4
-122.59,38.12,25.0,7784.0,1145.0,3445.0,1166.0,6.0132,<1H OCEAN,343536.0
-118.1,34.15,14.0,1442.0,369.0,782.0,343.0,2.7431,INLAND,195022.38
-118.26,33.91,44.0,892.0,139.0,440.0,159.0,2.8859,<1H OCEAN,148512.31
-122.41,37.65,32.0,3436.0,868.0,2583.0,817.0,3.5039,NEAR OCEAN,265682.94
-121.86,37.23,24.0,4337.0,670.0,1936.0,652.0,5.8904,<1H OCEAN,269502.5
-118.21,34.12,52.0,1301.0,389.0,1189.0,361.0,2.5139,<1H OCEAN,170466.6
-120.13,36.87,32.0,2089.0,468.0,1765.0,427.0,2.234,INLAND,60789.4
-118.35,33.93,31.0,2746.0,697.0,1973.0,598.0,3.5139,<1H OCEAN,200038.19
-121.96,37.31,31.0,3890.0,711.0,1898.0,717.0,5.2534,<1H OCEAN,295759.56
-117.24,32.8,30.0,1917.0,462.0,828.0,437.0,2.4671,NEAR OCEAN,227632.6
-122.35,37.95,45.0,2142.0,431.0,1318.0,431.0,3.0737,NEAR BAY,120429.84
-117.1,32.68,20.0,1012.0,269.0,837.0,240.0,2.0488,NEAR OCEAN,108838.79
-122.21,37.83,40.0,4991.0,674.0,1616.0,654.0,7.5544,NEAR BAY,362021.3
-118.59,34.18,7.0,11853.0,2691.0,4404.0,2447.0,4.2009,<1H OCEAN,256194.8
-119.71,34.43,18.0,1170.0,372.0,681.0,346.0,2.1974,<1H OCEAN,253478.61
-117.16,32.8,37.0,422.0,79.0,211.0,80.0,3.0625,NEAR OCEAN,184558.2
-122.26,41.66,17.0,1885.0,350.0,953.0,328.0,2.1607,INLAND,64887.492
-122.22,38.1,40.0,2549.0,478.0,1275.0,494.0,2.9469,NEAR BAY,113074.055
-116.89,34.27,13.0,3661.0,770.0,567.0,228.0,4.4063,INLAND,157331.5
-118.16,34.02,42.0,814.0,216.0,773.0,208.0,2.5313,<1H OCEAN,146462.88
-119.19,34.2,18.0,3620.0,,3171.0,779.0,3.3409,NEAR OCEAN,175858.98
-121.42,38.68,32.0,2118.0,345.0,1019.0,338.0,3.725,INLAND,99887.01
-119.18,34.19,19.0,2393.0,,1938.0,762.0,1.6953,NEAR OCEAN,182481.89
-116.96,32.8,24.0,2493.0,693.0,1420.0,643.0,1.8357,<1H OCEAN,146037.47
-121.31,37.99,15.0,3103.0,965.0,3061.0,861.0,1.3729,INLAND,104265.66
-122.28,37.8,52.0,215.0,87.0,904.0,88.0,0.8668,NEAR BAY,233899.23
-118.47,34.16,30.0,3823.0,740.0,1449.0,612.0,4.6,<1H OCEAN,364403.53
-120.84,37.5,47.0,2310.0,484.0,1126.0,447.0,2.2083,INLAND,89087.67
-118.16,33.78,29.0,3684.0,1301.0,3891.0,1143.0,1.6955,NEAR OCEAN,144710.92
-119.03,35.37,52.0,1503.0,367.0,554.0,277.0,1.6786,INLAND,91763.67
-118.48,35.14,4.0,8417.0,1657.0,4631.0,1468.0,3.6949,INLAND,107849.89
-121.25,38.69,17.0,3050.0,481.0,1490.0,489.0,4.5562,INLAND,148812.2
-118.05,33.95,33.0,1954.0,390.0,1600.0,376.0,3.6125,<1H OCEAN,170799.08
-117.42,33.98,16.0,10072.0,2043.0,5913.0,1909.0,3.0606,INLAND,120781.39
-121.46,38.52,34.0,1279.0,285.0,963.0,268.0,2.71,INLAND,78721.48
-121.93,36.63,41.0,1049.0,198.0,428.0,183.0,4.3571,NEAR OCEAN,280917.4
-121.8,37.35,15.0,2781.0,498.0,1389.0,475.0,5.614,<1H OCEAN,245094.88
-118.46,34.23,20.0,4609.0,1499.0,5349.0,1377.0,2.7121,<1H OCEAN,178922.3
-117.41,34.1,29.0,1362.0,251.0,776.0,253.0,3.1287,INLAND,117279.39
-121.48,38.55,52.0,2216.0,333.0,714.0,327.0,4.8603,INLAND,200071.36
-122.1,37.88,35.0,3701.0,528.0,1511.0,517.0,7.2315,NEAR BAY,384172.84
-119.56,36.53,19.0,2746.0,495.0,1670.0,518.0,3.2019,INLAND,89719.62
-117.78,33.68,15.0,1834.0,330.0,841.0,309.0,6.0634,<1H OCEAN,289921.62
-117.25,32.8,26.0,2442.0,659.0,1134.0,624.0,3.3274,NEAR OCEAN,288149.38
-117.06,32.7,12.0,3943.0,737.0,3280.0,751.0,4.112,NEAR OCEAN,149414.4
-121.99,37.96,17.0,2756.0,423.0,1228.0,426.0,5.5872,INLAND,201715.7
-122.24,37.72,5.0,18634.0,2885.0,7427.0,2718.0,7.611,NEAR BAY,397501.38
-121.99,37.61,9.0,3666.0,711.0,2341.0,703.0,4.6458,<1H OCEAN,210818.83
-118.51,34.2,37.0,2066.0,434.0,1031.0,414.0,4.0924,<1H OCEAN,252118.11
-122.47,37.74,52.0,3797.0,668.0,1633.0,658.0,5.6787,NEAR BAY,393835.66
-118.36,34.07,48.0,1740.0,360.0,748.0,357.0,4.7019,<1H OCEAN,419604.84
-121.86,37.31,24.0,1939.0,652.0,1808.0,625.0,2.2259,<1H OCEAN,183311.52
-119.25,35.79,8.0,3271.0,797.0,2700.0,688.0,1.7418,INLAND,60807.535
-118.07,33.99,39.0,552.0,151.0,807.0,168.0,3.25,<1H OCEAN,142506.62
-121.61,39.76,31.0,2431.0,512.0,1026.0,427.0,2.5428,INLAND,82659.09
-118.36,34.1,37.0,7097.0,2010.0,2913.0,1939.0,2.875,<1H OCEAN,331720.16
-121.26,38.27,20.0,1314.0,229.0,712.0,219.0,4.4125,INLAND,168714.22
-122.04,36.96,32.0,1438.0,306.0,802.0,293.0,4.1964,NEAR OCEAN,253518.94
-118.38,33.81,33.0,2349.0,407.0,954.0,373.0,6.4956,NEAR OCEAN,475043.9
-122.45,37.77,52.0,3095.0,682.0,1269.0,639.0,3.575,NEAR BAY,422059.3
-119.09,34.22,8.0,40.0,10.0,309.0,16.0,4.0208,NEAR OCEAN,247108.06
-121.1,38.94,42.0,410.0,117.0,706.0,112.0,1.0179,INLAND,90968.72
-118.14,33.96,34.0,2744.0,541.0,1333.0,503.0,4.0536,<1H OCEAN,246829.12
-123.85,41.32,31.0,938.0,238.0,425.0,157.0,1.0486,<1H OCEAN,81997.63
-119.19,34.15,31.0,4175.0,1004.0,3310.0,954.0,3.1989,NEAR OCEAN,232146.23
-122.45,37.76,31.0,5283.0,1330.0,2659.0,1269.0,3.5744,NEAR BAY,363598.94
-121.26,37.97,31.0,1189.0,295.0,891.0,292.0,2.5536,INLAND,81323.27
-122.3,37.56,37.0,1962.0,367.0,1267.0,382.0,4.7344,NEAR OCEAN,288708.78
-122.45,37.77,52.0,2339.0,548.0,1090.0,507.0,3.3679,NEAR BAY,417011.25
-122.39,40.59,26.0,1279.0,438.0,1276.0,420.0,1.2404,INLAND,71702.93
-122.62,38.25,24.0,2388.0,358.0,1187.0,362.0,4.6534,<1H OCEAN,240120.75
-117.42,34.59,8.0,5445.0,1360.0,3220.0,1214.0,1.7567,INLAND,86512.4
-118.21,34.05,28.0,1079.0,306.0,1358.0,285.0,2.52,<1H OCEAN,147679.33
-118.36,33.82,36.0,1784.0,311.0,901.0,293.0,6.2247,<1H OCEAN,357925.03
-122.3,38.31,34.0,1797.0,395.0,1162.0,407.0,3.455,NEAR BAY,146229.89
-118.17,33.92,43.0,2099.0,398.0,1276.0,387.0,3.1528,<1H OCEAN,155091.14
-118.89,34.33,23.0,366.0,62.0,265.0,66.0,3.125,<1H OCEAN,245439.16
-117.0,32.64,11.0,3098.0,490.0,1391.0,484.0,4.9792,NEAR OCEAN,223155.61
-118.15,33.92,30.0,915.0,234.0,646.0,211.0,2.5208,<1H OCEAN,165547.73
-122.01,37.91,21.0,10093.0,1269.0,3645.0,1219.0,7.6877,NEAR BAY,387915.78
-121.35,38.66,24.0,3313.0,769.0,1631.0,681.0,2.5556,INLAND,110933.46
-118.94,35.38,26.0,4800.0,831.0,2365.0,743.0,3.7533,INLAND,87902.914
-118.0,33.76,12.0,1250.0,331.0,1047.0,334.0,3.0625,<1H OCEAN,179830.47
-119.24,34.28,41.0,1280.0,240.0,608.0,252.0,4.4038,NEAR OCEAN,249132.08
-117.95,33.94,28.0,2851.0,496.0,1287.0,496.0,5.0782,<1H OCEAN,241250.2
-122.5,37.74,44.0,2082.0,470.0,1154.0,403.0,4.3611,NEAR OCEAN,281697.56
-121.6,39.77,26.0,1503.0,343.0,699.0,296.0,1.875,INLAND,73183.625
-123.21,40.51,16.0,241.0,84.0,152.0,61.0,1.375,INLAND,55154.18
-118.2,34.08,41.0,1807.0,429.0,1699.0,424.0,2.2222,<1H OCEAN,157104.6
-122.67,38.31,28.0,1915.0,419.0,930.0,342.0,3.7875,<1H OCEAN,184785.34
-117.98,33.76,23.0,1553.0,518.0,1988.0,474.0,2.1375,<1H OCEAN,157372.11
-118.09,34.7,6.0,4558.0,804.0,1543.0,563.0,2.8548,INLAND,147993.31
-117.31,33.67,9.0,981.0,169.0,596.0,156.0,3.1832,<1H OCEAN,168995.17
-116.75,33.83,16.0,5277.0,1070.0,657.0,276.0,3.3333,INLAND,143286.45
-119.08,34.34,23.0,3065.0,723.0,2042.0,698.0,2.7593,<1H OCEAN,179167.23
-118.1,34.08,21.0,1349.0,352.0,1188.0,330.0,2.5,<1H OCEAN,179199.98
-120.37,36.13,10.0,2522.0,533.0,1335.0,493.0,3.2639,INLAND,79345.91
-118.08,33.97,36.0,1678.0,323.0,1380.0,352.0,3.5481,<1H OCEAN,163410.88
-118.21,33.93,33.0,2739.0,801.0,3423.0,741.0,2.2847,<1H OCEAN,140737.44
-119.69,36.46,29.0,1702.0,301.0,914.0,280.0,2.8125,INLAND,83248.555
-122.29,37.81,46.0,935.0,297.0,582.0,277.0,0.7286,NEAR BAY,106093.01
-124.23,40.54,52.0,2694.0,453.0,1152.0,435.0,3.0806,NEAR OCEAN,117962.05
-117.15,34.03,26.0,5305.0,701.0,1818.0,676.0,6.1461,INLAND,210701.33
-122.46,37.77,52.0,1824.0,388.0,799.0,363.0,3.75,NEAR BAY,388344.75
-118.28,33.99,52.0,1283.0,342.0,1363.0,329.0,2.5848,<1H OCEAN,121060.266
-118.19,33.91,43.0,1531.0,357.0,1509.0,376.0,2.6354,<1H OCEAN,125075.61
-118.07,34.0,37.0,2976.0,636.0,2117.0,598.0,4.1058,<1H OCEAN,185943.0
-119.53,37.34,26.0,4047.0,702.0,571.0,199.0,2.3482,INLAND,122979.36
-122.01,37.53,19.0,4572.0,712.0,2346.0,709.0,6.0667,NEAR BAY,274666.47
-118.31,33.98,52.0,1607.0,331.0,900.0,295.0,3.5982,<1H OCEAN,159343.97
-117.99,33.98,18.0,8399.0,1144.0,3727.0,1107.0,6.9695,<1H OCEAN,361221.0
-118.2,33.95,35.0,1924.0,520.0,2101.0,541.0,2.4267,<1H OCEAN,155607.0
-119.78,36.78,31.0,2164.0,456.0,959.0,463.0,2.3293,INLAND,75324.234
-120.59,37.39,16.0,4717.0,1119.0,3589.0,1017.0,2.1061,INLAND,72156.47
-118.12,34.06,23.0,1190.0,347.0,965.0,327.0,2.2261,<1H OCEAN,185572.64
-117.29,34.09,24.0,1451.0,387.0,1178.0,330.0,1.1806,INLAND,71526.7
-117.67,33.67,5.0,10534.0,2035.0,4656.0,1863.0,5.7797,<1H OCEAN,253356.11
-118.03,34.05,36.0,1345.0,331.0,1511.0,309.0,3.5129,<1H OCEAN,163659.78
-121.29,38.65,27.0,2744.0,464.0,1340.0,452.0,3.8816,INLAND,132831.84
-121.88,37.44,26.0,1471.0,348.0,1089.0,320.0,5.3057,<1H OCEAN,214547.42
-118.13,34.21,36.0,1449.0,235.0,621.0,210.0,6.1824,INLAND,285147.44
-117.53,33.97,29.0,1430.0,273.0,872.0,283.0,4.0833,INLAND,147944.5
-121.14,37.7,29.0,1343.0,223.0,751.0,225.0,3.2391,INLAND,132814.08
-121.23,37.94,20.0,268.0,78.0,77.0,49.0,1.125,INLAND,83846.11
-120.96,37.64,36.0,60.0,12.0,51.0,14.0,3.625,INLAND,192730.0
-122.45,37.79,52.0,1734.0,482.0,731.0,429.0,1.4804,NEAR BAY,345594.8
-119.14,36.29,36.0,788.0,181.0,405.0,180.0,1.47,INLAND,59127.676
-119.27,34.26,23.0,3578.0,753.0,1455.0,649.0,4.1898,NEAR OCEAN,290304.6
-117.97,33.72,24.0,2991.0,500.0,1437.0,453.0,5.4286,<1H OCEAN,269728.06
-120.84,35.32,17.0,4197.0,802.0,1656.0,732.0,3.526,NEAR OCEAN,269770.66
-121.36,38.73,21.0,2253.0,416.0,1050.0,411.0,3.141,INLAND,115814.59
-118.29,34.03,22.0,3313.0,1235.0,2381.0,1063.0,0.7473,<1H OCEAN,241119.3
-121.76,41.5,31.0,602.0,153.0,112.0,47.0,1.0667,INLAND,77993.05
-122.24,37.81,52.0,2485.0,313.0,953.0,327.0,6.8591,NEAR BAY,348576.12
-122.13,37.69,34.0,1131.0,278.0,560.0,237.0,2.875,NEAR BAY,173264.97
-122.05,37.11,39.0,1065.0,248.0,497.0,208.0,4.5972,NEAR OCEAN,265736.12
-118.13,34.01,43.0,782.0,207.0,827.0,223.0,3.1538,<1H OCEAN,163771.58
-117.24,33.19,19.0,1569.0,351.0,1035.0,352.0,2.9191,<1H OCEAN,163183.86
-122.15,37.75,40.0,1445.0,256.0,849.0,255.0,3.8913,NEAR BAY,148290.84
-118.49,34.43,15.0,8244.0,1409.0,4453.0,1357.0,5.4829,<1H OCEAN,240474.11
-117.09,32.58,12.0,2565.0,567.0,1785.0,545.0,3.0273,NEAR OCEAN,139973.7
-121.23,37.99,38.0,523.0,80.0,226.0,72.0,5.5693,INLAND,196352.89
-121.89,37.33,49.0,658.0,318.0,467.0,316.0,0.7068,<1H OCEAN,249780.9
-124.14,40.59,22.0,1665.0,405.0,826.0,382.0,1.5625,NEAR OCEAN,92515.78
-118.47,34.14,34.0,3646.0,610.0,1390.0,607.0,7.629,<1H OCEAN,492362.44
-122.44,37.79,52.0,1817.0,535.0,800.0,487.0,3.975,NEAR BAY,465277.94
-117.21,32.82,31.0,2035.0,383.0,866.0,360.0,3.8529,NEAR OCEAN,238132.28
-122.48,37.73,52.0,1597.0,240.0,566.0,231.0,5.1681,NEAR OCEAN,372596.47
-118.93,36.19,30.0,2685.0,546.0,951.0,523.0,2.6184,INLAND,95134.58
-118.18,34.09,44.0,1688.0,426.0,1605.0,384.0,3.3785,<1H OCEAN,161706.47
-118.32,34.19,37.0,589.0,119.0,375.0,122.0,3.3897,<1H OCEAN,210510.31
-118.35,33.95,45.0,1076.0,213.0,781.0,238.0,3.95,<1H OCEAN,159977.58
-118.58,34.22,35.0,2560.0,441.0,1428.0,468.0,5.6345,<1H OCEAN,246293.36
-121.62,36.63,52.0,1437.0,298.0,836.0,257.0,3.6286,<1H OCEAN,195400.45
-121.52,38.59,35.0,6418.0,1545.0,3814.0,1496.0,1.6647,INLAND,96062.83
-118.28,33.99,46.0,2577.0,703.0,2446.0,687.0,1.275,<1H OCEAN,93973.55
-118.24,33.98,37.0,1196.0,364.0,1622.0,327.0,2.125,<1H OCEAN,107825.77
-119.32,36.19,11.0,1281.0,291.0,861.0,313.0,1.0962,INLAND,64367.11
-117.96,33.81,34.0,1941.0,356.0,1021.0,339.0,4.4663,<1H OCEAN,210695.83
-122.79,38.5,18.0,4839.0,918.0,2755.0,841.0,3.75,<1H OCEAN,169041.05
-117.5,34.12,2.0,11965.0,1802.0,4436.0,1296.0,5.285,INLAND,209466.97
-117.13,32.75,50.0,1476.0,354.0,698.0,354.0,3.0,NEAR OCEAN,202352.11
-121.34,38.0,32.0,3877.0,687.0,1642.0,647.0,4.0444,INLAND,161028.12
-117.06,32.57,25.0,1268.0,282.0,991.0,299.0,3.0284,NEAR OCEAN,126917.02
-117.64,34.07,30.0,2787.0,713.0,2647.0,693.0,2.2765,INLAND,113276.51
-117.29,34.17,35.0,4174.0,847.0,2127.0,778.0,3.2232,INLAND,103531.8
-118.49,34.05,42.0,1918.0,216.0,632.0,224.0,15.0001,<1H OCEAN,512684.12
-121.32,38.68,25.0,1252.0,207.0,587.0,217.0,3.5893,INLAND,114468.836
-118.1,34.01,29.0,2077.0,564.0,2087.0,543.0,2.66,<1H OCEAN,157557.12
-122.41,37.74,52.0,831.0,175.0,415.0,159.0,1.9464,NEAR BAY,201627.95
-122.0,37.86,18.0,8953.0,1074.0,3011.0,993.0,10.7372,<1H OCEAN,470743.47
-121.84,37.27,16.0,2429.0,387.0,1293.0,363.0,5.5,<1H OCEAN,231088.08
-116.92,32.81,23.0,2668.0,528.0,1510.0,524.0,3.3669,<1H OCEAN,148090.86
-118.19,33.92,36.0,1356.0,314.0,1469.0,300.0,2.0785,<1H OCEAN,104995.87
-122.07,37.99,28.0,3310.0,574.0,1811.0,597.0,4.5401,NEAR BAY,168595.05
-122.16,37.75,24.0,1790.0,454.0,1137.0,386.0,2.537,NEAR BAY,125769.53
-122.32,37.96,34.0,2070.0,357.0,784.0,294.0,4.0417,NEAR BAY,211687.34
-121.31,37.98,47.0,3386.0,663.0,1228.0,619.0,3.0625,INLAND,118695.24
-118.12,33.87,21.0,3764.0,1081.0,1919.0,977.0,2.5057,<1H OCEAN,199704.16
-117.73,34.12,26.0,1279.0,163.0,412.0,157.0,6.1731,INLAND,266244.25
-118.01,33.84,28.0,4097.0,838.0,2112.0,803.0,4.5,<1H OCEAN,213214.06
-118.29,33.98,44.0,2261.0,555.0,1348.0,455.0,1.9125,<1H OCEAN,109719.0
-117.95,33.86,35.0,2478.0,431.0,1333.0,427.0,5.2099,<1H OCEAN,218935.58
-120.74,37.33,30.0,2390.0,470.0,1409.0,428.0,2.1484,INLAND,86791.28
-117.67,33.61,23.0,3588.0,577.0,1695.0,569.0,6.1401,<1H OCEAN,259624.03
-120.63,35.13,16.0,2680.0,704.0,975.0,619.0,1.7878,<1H OCEAN,217603.5
-122.11,37.7,29.0,1298.0,306.0,835.0,338.0,2.3274,NEAR BAY,145987.58
-118.25,33.94,37.0,1002.0,270.0,1092.0,273.0,1.6333,<1H OCEAN,92347.75
-118.37,33.84,35.0,1792.0,322.0,978.0,326.0,4.9583,<1H OCEAN,328886.94
-118.22,34.05,34.0,1113.0,,928.0,290.0,3.1654,<1H OCEAN,159308.25
-118.34,34.04,42.0,2010.0,494.0,1203.0,427.0,1.9408,<1H OCEAN,157841.9
-118.02,34.06,26.0,2929.0,970.0,3792.0,817.0,2.2577,<1H OCEAN,180171.86
-119.79,36.78,38.0,1912.0,456.0,1131.0,408.0,2.03,INLAND,54080.285
-120.04,36.95,36.0,1528.0,347.0,1334.0,304.0,1.3594,INLAND,54422.25
-117.12,32.73,52.0,3976.0,718.0,1750.0,769.0,3.4151,NEAR OCEAN,232207.98
-118.53,34.2,33.0,3270.0,818.0,2118.0,763.0,3.225,<1H OCEAN,216817.14
-118.33,33.98,32.0,1784.0,489.0,1472.0,476.0,1.6477,<1H OCEAN,136973.61
-118.37,33.88,44.0,1325.0,245.0,669.0,253.0,4.4211,<1H OCEAN,310001.2
-120.85,37.51,5.0,2899.0,745.0,1593.0,633.0,2.2292,INLAND,119783.67
-122.29,37.82,49.0,135.0,29.0,86.0,23.0,6.1183,NEAR BAY,174441.72
-118.45,34.26,35.0,1724.0,311.0,992.0,315.0,4.8359,<1H OCEAN,197716.66
-116.98,34.07,21.0,739.0,125.0,199.0,82.0,4.8958,INLAND,161635.23
-122.45,37.67,36.0,1664.0,326.0,963.0,322.0,4.7813,NEAR OCEAN,260104.0
-123.01,38.8,21.0,360.0,96.0,131.0,74.0,3.5156,<1H OCEAN,169277.67
-121.88,36.96,18.0,6355.0,1100.0,2304.0,972.0,6.0281,NEAR OCEAN,376455.16
-117.07,32.56,9.0,3648.0,895.0,3293.0,840.0,3.0992,NEAR OCEAN,133061.42
-117.96,34.09,30.0,2686.0,613.0,2477.0,573.0,3.4427,INLAND,133977.2
-120.84,37.51,8.0,1191.0,242.0,688.0,260.0,2.7243,INLAND,117682.43
-118.27,34.11,39.0,3825.0,916.0,1378.0,746.0,4.4094,<1H OCEAN,390821.7
-117.08,32.7,36.0,2103.0,390.0,1279.0,392.0,2.4135,NEAR OCEAN,122593.836
-117.04,32.62,27.0,1710.0,282.0,1089.0,297.0,4.6793,NEAR OCEAN,133799.02
-119.45,36.09,18.0,408.0,82.0,253.0,75.0,2.0313,INLAND,102783.63
-117.58,33.92,16.0,4157.0,586.0,2036.0,594.0,6.155,INLAND,223900.94
-122.11,37.67,32.0,3028.0,811.0,2037.0,703.0,3.0645,NEAR BAY,171743.3
-121.96,38.54,6.0,1485.0,318.0,894.0,308.0,3.2222,INLAND,147908.67
-118.39,34.06,43.0,1879.0,397.0,873.0,382.0,3.8158,<1H OCEAN,399288.44
-118.3,33.95,36.0,1786.0,418.0,1367.0,393.0,1.5078,<1H OCEAN,102909.0
-118.44,34.19,29.0,1599.0,459.0,1143.0,438.0,2.4583,<1H OCEAN,189367.39
-118.09,33.79,31.0,4231.0,617.0,1694.0,623.0,6.6312,<1H OCEAN,338120.47
-117.86,33.88,19.0,1621.0,328.0,871.0,322.0,3.7361,<1H OCEAN,210564.34
-117.07,32.64,38.0,1486.0,269.0,745.0,295.0,4.6477,NEAR OCEAN,208018.39
-117.18,32.82,25.0,1756.0,301.0,722.0,312.0,4.5625,NEAR OCEAN,235664.17
-119.29,36.33,19.0,792.0,232.0,641.0,222.0,0.7445,INLAND,53564.805
-121.48,38.49,26.0,3165.0,806.0,2447.0,752.0,1.5908,INLAND,65610.945
-117.05,32.58,25.0,2185.0,370.0,1558.0,369.0,5.3072,NEAR OCEAN,161741.86
-121.13,39.31,17.0,3442.0,705.0,1693.0,619.0,2.8102,INLAND,128064.336
-118.41,34.09,37.0,2716.0,302.0,809.0,291.0,15.0001,<1H OCEAN,501578.56
-123.84,39.83,19.0,1461.0,340.0,515.0,227.0,1.5278,NEAR OCEAN,97791.3
-122.7,38.44,35.0,1304.0,343.0,822.0,304.0,3.2935,<1H OCEAN,168857.66
-117.92,33.61,23.0,1808.0,408.0,539.0,300.0,3.5682,<1H OCEAN,340346.22
-118.21,33.92,41.0,1722.0,363.0,1432.0,326.0,3.2976,<1H OCEAN,133353.88
-117.67,34.04,16.0,3260.0,501.0,1973.0,535.0,4.6563,INLAND,156064.81
-117.18,32.7,42.0,1691.0,286.0,761.0,281.0,5.1386,NEAR OCEAN,384811.47
-121.89,37.3,52.0,2071.0,362.0,825.0,364.0,4.2414,<1H OCEAN,316950.03
-121.65,36.7,29.0,4964.0,1056.0,2773.0,1036.0,3.0827,<1H OCEAN,169939.34
-119.63,36.64,33.0,1036.0,181.0,620.0,174.0,3.4107,INLAND,91599.68
-117.87,33.88,25.0,1808.0,440.0,1342.0,454.0,3.025,<1H OCEAN,180205.84
-119.59,37.39,19.0,3273.0,611.0,1164.0,481.0,3.5446,INLAND,147160.53
-120.97,37.65,16.0,3960.0,716.0,1776.0,724.0,3.9886,INLAND,180897.7
-117.27,33.03,25.0,1787.0,311.0,1108.0,311.0,3.9826,NEAR OCEAN,228287.62
-117.9,33.6,25.0,2465.0,585.0,906.0,472.0,3.6538,<1H OCEAN,330387.9
-119.32,36.3,14.0,1680.0,343.0,931.0,350.0,2.7336,INLAND,78658.71
-118.31,34.05,42.0,443.0,223.0,582.0,223.0,2.2937,<1H OCEAN,191491.19
-117.07,32.58,25.0,1607.0,280.0,899.0,260.0,3.8194,NEAR OCEAN,129087.9
-122.27,38.29,36.0,1446.0,306.0,678.0,295.0,2.8409,NEAR BAY,164712.56
-122.67,38.44,29.0,2551.0,448.0,1165.0,456.0,4.3587,<1H OCEAN,219313.25
-122.35,40.68,36.0,1822.0,449.0,930.0,399.0,1.3801,INLAND,58497.22
-118.34,34.16,44.0,1717.0,391.0,848.0,353.0,3.6111,<1H OCEAN,276633.25
-122.39,37.58,36.0,6026.0,852.0,2314.0,892.0,7.8997,NEAR OCEAN,453641.4
-119.46,36.6,18.0,1404.0,226.0,754.0,229.0,3.9844,INLAND,112452.09
-117.39,33.95,35.0,3306.0,680.0,1742.0,673.0,3.7109,INLAND,126998.72
-121.59,39.74,17.0,1646.0,330.0,750.0,344.0,2.3798,INLAND,100843.94
-122.67,38.43,17.0,1804.0,304.0,750.0,298.0,4.5588,<1H OCEAN,252676.19
-117.14,32.7,36.0,633.0,148.0,557.0,139.0,1.5729,NEAR OCEAN,98599.1
-118.21,33.82,33.0,1278.0,311.0,1157.0,320.0,3.5054,NEAR OCEAN,171923.75
-122.31,37.92,30.0,1014.0,236.0,537.0,204.0,2.8456,NEAR BAY,157646.38
-122.45,37.63,28.0,4946.0,848.0,2683.0,824.0,5.748,NEAR OCEAN,305322.25
-118.41,34.25,36.0,1146.0,259.0,1173.0,272.0,3.6016,<1H OCEAN,153044.52
-117.15,32.78,25.0,1577.0,266.0,611.0,284.0,5.25,NEAR OCEAN,192756.33
-122.12,37.28,21.0,349.0,64.0,149.0,56.0,5.8691,<1H OCEAN,383273.75
-121.33,38.63,23.0,1947.0,409.0,866.0,400.0,2.7181,INLAND,128471.17
-121.28,37.92,30.0,1061.0,230.0,851.0,195.0,2.4412,INLAND,83811.75
-118.34,33.9,37.0,542.0,105.0,355.0,118.0,5.5133,<1H OCEAN,223572.98
-118.0,33.76,26.0,1876.0,455.0,1499.0,436.0,2.925,<1H OCEAN,174793.95
-118.42,34.28,34.0,1999.0,427.0,2391.0,439.0,2.8,<1H OCEAN,143545.45
-122.06,37.96,10.0,7136.0,1691.0,2959.0,1507.0,3.9816,NEAR BAY,205732.84
-121.36,38.55,33.0,1191.0,198.0,554.0,191.0,2.8021,INLAND,110773.56
-121.77,38.76,32.0,1950.0,385.0,1145.0,363.0,2.8365,INLAND,106638.49
-121.84,37.38,33.0,835.0,181.0,781.0,169.0,5.1082,<1H OCEAN,198914.39
-118.01,33.76,26.0,2141.0,597.0,2038.0,585.0,2.2981,<1H OCEAN,163876.45
-118.39,33.99,32.0,2612.0,418.0,1030.0,402.0,6.603,<1H OCEAN,453445.12
-122.1,37.66,33.0,1954.0,464.0,1293.0,448.0,3.0489,NEAR BAY,161900.62
-117.37,34.07,52.0,50.0,9.0,60.0,16.0,4.125,INLAND,192717.03
-117.1,32.71,25.0,939.0,247.0,1003.0,240.0,1.75,NEAR OCEAN,97373.36
-120.58,38.77,21.0,1661.0,406.0,789.0,319.0,2.3583,INLAND,111390.64
-116.9,34.25,16.0,3018.0,523.0,556.0,244.0,3.5288,INLAND,173503.28
-119.33,36.22,9.0,3748.0,644.0,1955.0,620.0,4.2011,INLAND,97538.09
-121.27,37.87,34.0,1010.0,206.0,678.0,234.0,2.9531,INLAND,122101.92
-118.04,33.96,42.0,1430.0,338.0,1269.0,321.0,3.3214,<1H OCEAN,158110.73
-117.91,33.91,32.0,1530.0,301.0,666.0,276.0,4.125,<1H OCEAN,239257.42
-117.79,34.11,18.0,3814.0,721.0,1881.0,692.0,4.4722,INLAND,196851.53
-122.17,37.75,38.0,992.0,,732.0,259.0,1.6196,NEAR BAY,98686.88
-118.35,33.8,32.0,1434.0,296.0,672.0,285.0,4.875,<1H OCEAN,333012.66
-122.32,40.42,17.0,3019.0,578.0,1538.0,545.0,2.793,INLAND,92669.96
-122.03,36.96,28.0,1607.0,421.0,926.0,385.0,2.425,NEAR OCEAN,215813.98
-122.27,37.9,52.0,2079.0,273.0,684.0,275.0,7.9556,NEAR BAY,414553.9
-117.27,34.11,44.0,567.0,134.0,565.0,150.0,1.8281,INLAND,77293.945
-122.27,37.8,39.0,1715.0,623.0,1327.0,467.0,1.8477,NEAR BAY,148833.61
-118.45,34.12,20.0,10722.0,1617.0,3731.0,1511.0,9.7449,<1H OCEAN,537386.75
-122.25,37.87,42.0,1756.0,465.0,2184.0,422.0,2.5562,NEAR BAY,245296.33
-122.09,37.64,32.0,1578.0,284.0,836.0,292.0,3.9063,NEAR BAY,192783.2
-118.44,34.15,37.0,1335.0,286.0,539.0,279.0,3.2813,<1H OCEAN,358415.28
-118.06,34.16,34.0,2297.0,419.0,909.0,412.0,4.8214,INLAND,330486.66
-118.0,33.68,12.0,5241.0,985.0,2048.0,943.0,6.4858,<1H OCEAN,377381.22
-118.32,34.0,50.0,2189.0,460.0,1097.0,469.0,2.4583,<1H OCEAN,142992.16
-122.13,37.74,41.0,4400.0,666.0,1476.0,648.0,5.0,NEAR BAY,270825.94
-118.28,34.09,49.0,3828.0,1197.0,2862.0,1009.0,2.4677,<1H OCEAN,212382.83
-120.85,37.55,45.0,350.0,62.0,187.0,63.0,2.5938,INLAND,146433.66
-117.32,33.8,11.0,3196.0,576.0,1757.0,552.0,4.0982,INLAND,147048.25
-122.1,37.68,37.0,2116.0,503.0,1109.0,448.0,2.535,NEAR BAY,161487.89
-117.64,33.48,12.0,2007.0,397.0,1033.0,373.0,5.6754,<1H OCEAN,256505.92
-121.75,37.11,18.0,3167.0,,1414.0,482.0,6.8773,<1H OCEAN,330002.4
-121.89,37.29,36.0,2959.0,529.0,1125.0,520.0,4.2614,<1H OCEAN,314483.62
-117.67,34.09,17.0,4418.0,1256.0,2417.0,1094.0,2.7266,INLAND,119309.53
-117.92,33.83,6.0,3136.0,990.0,1894.0,859.0,2.5564,<1H OCEAN,188834.62
-118.19,34.05,37.0,349.0,79.0,276.0,64.0,3.2125,<1H OCEAN,169566.77
-117.07,33.07,8.0,2756.0,343.0,1045.0,340.0,8.5957,<1H OCEAN,354600.75
-120.95,37.6,35.0,1493.0,278.0,729.0,268.0,2.9821,INLAND,111967.164
-117.31,34.15,34.0,2037.0,385.0,1195.0,391.0,3.9231,INLAND,93176.414
-118.5,34.02,28.0,5109.0,1482.0,2313.0,1451.0,3.3266,<1H OCEAN,418469.5
-118.27,34.16,45.0,1865.0,360.0,973.0,349.0,3.6587,<1H OCEAN,237565.83
-122.02,37.87,14.0,3056.0,369.0,1209.0,377.0,8.4352,NEAR BAY,425835.4
-118.28,34.04,24.0,1283.0,545.0,1932.0,516.0,1.2969,<1H OCEAN,189418.3
-121.76,36.92,20.0,2687.0,637.0,2154.0,610.0,2.6434,<1H OCEAN,178402.9
-122.03,37.96,20.0,2636.0,691.0,1142.0,627.0,2.1083,NEAR BAY,158409.2
-120.66,35.46,17.0,3748.0,609.0,1860.0,612.0,4.5179,<1H OCEAN,198749.52
-120.76,38.12,7.0,7188.0,1288.0,3175.0,1115.0,3.8488,INLAND,147963.56
-121.96,37.1,20.0,922.0,155.0,361.0,135.0,6.3617,<1H OCEAN,344869.94
-122.16,37.7,36.0,1719.0,303.0,836.0,311.0,4.4375,NEAR BAY,190936.92
-118.55,34.19,18.0,5862.0,,3161.0,1280.0,3.1106,<1H OCEAN,218682.17
-121.98,37.96,12.0,5048.0,1122.0,2209.0,1014.0,3.1573,INLAND,159646.72
-117.9,34.02,15.0,14058.0,2486.0,8997.0,2497.0,5.0704,<1H OCEAN,242006.42
-117.09,32.64,19.0,2571.0,791.0,1205.0,783.0,1.62,NEAR OCEAN,141862.73
-120.9,38.2,16.0,3120.0,641.0,1319.0,526.0,2.0472,INLAND,113746.23
-120.93,37.72,18.0,391.0,71.0,247.0,71.0,4.3864,INLAND,165794.64
-120.39,37.96,10.0,2554.0,501.0,922.0,439.0,2.1094,INLAND,111241.63
-118.25,33.96,43.0,1876.0,454.0,1571.0,458.0,2.0323,<1H OCEAN,106907.54
-117.05,32.75,36.0,2024.0,,1030.0,390.0,3.8233,NEAR OCEAN,137954.05
-117.08,33.16,11.0,6341.0,1030.0,2697.0,977.0,4.8554,<1H OCEAN,238450.2
-120.25,36.65,31.0,1177.0,221.0,744.0,223.0,2.4937,INLAND,68710.81
-118.12,33.94,33.0,2394.0,576.0,1166.0,548.0,2.7317,<1H OCEAN,212475.64
-118.45,34.44,16.0,13406.0,2574.0,7030.0,2440.0,4.6861,<1H OCEAN,190891.95
-117.97,34.05,36.0,931.0,160.0,746.0,201.0,3.1667,<1H OCEAN,153978.44
-117.87,33.84,23.0,1678.0,369.0,912.0,347.0,4.5,<1H OCEAN,213902.08
-121.09,40.3,15.0,1717.0,336.0,501.0,206.0,3.6477,INLAND,129583.77
-118.23,34.65,17.0,1827.0,348.0,766.0,335.0,3.5673,INLAND,159135.58
-118.3,33.94,36.0,2041.0,531.0,1390.0,464.0,2.0114,<1H OCEAN,116320.234
-118.12,33.81,36.0,2565.0,458.0,1155.0,443.0,4.6087,<1H OCEAN,249260.5
-116.95,33.78,24.0,3409.0,804.0,1939.0,739.0,1.7303,INLAND,84352.164
-117.82,33.88,18.0,1982.0,300.0,1027.0,324.0,7.0526,<1H OCEAN,280172.0
-124.27,40.69,36.0,2349.0,528.0,1194.0,465.0,2.5179,NEAR OCEAN,83870.66
-118.01,33.9,26.0,2968.0,674.0,1655.0,628.0,4.6094,<1H OCEAN,212101.33
-117.37,33.95,32.0,2215.0,351.0,771.0,311.0,4.3542,INLAND,159318.83
-118.35,33.98,47.0,2512.0,461.0,1082.0,426.0,3.8235,<1H OCEAN,217301.64
-119.73,34.41,29.0,1769.0,297.0,703.0,269.0,4.4375,NEAR OCEAN,324920.7
-118.24,34.15,45.0,1235.0,271.0,499.0,263.0,3.1435,<1H OCEAN,260105.02
-121.94,37.0,32.0,2210.0,426.0,1082.0,396.0,4.1587,NEAR OCEAN,291462.62
-121.99,38.48,17.0,1824.0,348.0,934.0,305.0,4.6719,INLAND,181859.36
-116.32,34.1,10.0,4256.0,861.0,1403.0,686.0,2.6618,INLAND,74953.44
-117.13,32.92,16.0,1565.0,257.0,893.0,239.0,5.5036,<1H OCEAN,184590.86
-117.86,33.79,42.0,1024.0,191.0,483.0,187.0,4.105,<1H OCEAN,203165.36
-117.02,32.76,40.0,2523.0,488.0,976.0,470.0,3.11,<1H OCEAN,210004.19
-119.49,36.58,21.0,2106.0,410.0,867.0,380.0,1.9913,INLAND,90755.555
-118.17,34.04,45.0,911.0,238.0,1005.0,229.0,2.8167,<1H OCEAN,140966.31
-117.2,32.79,31.0,3417.0,533.0,1245.0,532.0,4.7788,NEAR OCEAN,277563.66
-117.09,32.75,30.0,1899.0,546.0,1620.0,493.0,1.6034,NEAR OCEAN,93143.17
-117.25,34.13,37.0,2498.0,472.0,1291.0,487.0,3.0,INLAND,111279.9
-117.14,32.7,32.0,1280.0,353.0,1335.0,330.0,1.6023,NEAR OCEAN,107363.836
-122.23,37.82,52.0,1611.0,203.0,556.0,179.0,8.7477,NEAR BAY,414707.88
-121.42,38.65,21.0,2274.0,495.0,1157.0,445.0,2.098,INLAND,97136.63
-124.15,40.81,50.0,340.0,74.0,235.0,83.0,1.75,NEAR OCEAN,141076.58
-117.36,33.92,7.0,9376.0,1181.0,3570.0,1107.0,8.5326,INLAND,331358.12
-118.28,33.8,38.0,1471.0,329.0,1207.0,335.0,4.0,<1H OCEAN,176707.36
-122.9,39.23,39.0,1295.0,240.0,534.0,179.0,3.9519,INLAND,111610.21
-117.86,33.75,5.0,187.0,49.0,207.0,51.0,1.8,<1H OCEAN,347514.16
-118.41,34.14,33.0,778.0,143.0,258.0,130.0,5.738,<1H OCEAN,426725.88
-118.3,34.07,46.0,5677.0,2610.0,7443.0,2406.0,1.8238,<1H OCEAN,215344.11
-118.39,34.09,28.0,2347.0,608.0,785.0,548.0,4.4167,<1H OCEAN,417827.0
-121.65,36.66,30.0,3745.0,767.0,1762.0,748.0,3.2355,<1H OCEAN,193854.08
-118.41,33.98,33.0,3331.0,777.0,1695.0,735.0,3.9727,<1H OCEAN,369057.3
-117.18,34.06,52.0,954.0,233.0,533.0,239.0,1.3021,INLAND,87424.04
-119.31,36.32,23.0,2945.0,592.0,1419.0,532.0,2.5733,INLAND,79523.87
-120.85,37.77,20.0,651.0,157.0,421.0,151.0,2.0833,INLAND,105742.734
-118.46,34.05,25.0,4077.0,1151.0,1719.0,1017.0,3.7721,<1H OCEAN,458025.03
-119.76,36.73,46.0,1347.0,282.0,854.0,267.0,1.8723,INLAND,55440.28
-117.58,33.87,34.0,1511.0,272.0,773.0,265.0,3.5313,INLAND,146151.33
-122.08,37.68,26.0,2607.0,682.0,1401.0,607.0,2.6563,NEAR BAY,174114.31
-121.9,37.66,18.0,7397.0,1137.0,3126.0,1115.0,6.4994,INLAND,311046.88
-121.96,37.34,18.0,4438.0,939.0,1901.0,895.0,5.3873,<1H OCEAN,323486.62
-117.89,33.78,16.0,6352.0,1747.0,5085.0,1649.0,2.8835,<1H OCEAN,160958.25
-121.32,36.43,22.0,2927.0,637.0,2546.0,618.0,2.7153,<1H OCEAN,125077.83
-123.15,38.94,22.0,2163.0,436.0,1048.0,358.0,2.7171,<1H OCEAN,119192.76
-121.15,39.0,15.0,4145.0,691.0,1872.0,680.0,4.3553,INLAND,172804.28
-122.51,39.3,19.0,1629.0,386.0,551.0,214.0,1.7463,INLAND,96583.77
-118.25,33.98,44.0,1087.0,335.0,1441.0,310.0,1.6667,<1H OCEAN,98330.53
-117.46,34.09,8.0,4711.0,963.0,3310.0,988.0,3.5488,INLAND,110225.82
-120.05,36.97,20.0,2029.0,427.0,983.0,401.0,1.8444,INLAND,83514.97
-118.26,33.88,40.0,519.0,102.0,330.0,95.0,3.0972,<1H OCEAN,155926.58
-121.59,37.02,14.0,6355.0,1279.0,3704.0,1224.0,4.4233,INLAND,245093.0
-117.68,33.47,7.0,4458.0,731.0,1731.0,704.0,6.126,<1H OCEAN,339011.47
-117.94,33.87,46.0,2066.0,450.0,1275.0,448.0,3.9375,<1H OCEAN,185976.78
-117.06,32.76,24.0,1629.0,587.0,1012.0,488.0,1.7452,NEAR OCEAN,129706.586
-117.3,34.54,25.0,2546.0,488.0,1338.0,487.0,3.2596,INLAND,99176.46
-118.32,33.87,35.0,2380.0,404.0,1212.0,422.0,5.6254,<1H OCEAN,270689.22
-122.87,39.13,15.0,1927.0,427.0,810.0,321.0,1.6369,INLAND,87261.11
-118.31,34.04,52.0,1277.0,285.0,954.0,334.0,2.5833,<1H OCEAN,181361.89
-121.27,38.11,15.0,2039.0,384.0,1178.0,375.0,3.8672,INLAND,142229.75
-118.4,37.36,34.0,2465.0,619.0,1172.0,575.0,1.9722,INLAND,107318.31
-117.52,33.84,20.0,688.0,146.0,575.0,144.0,3.55,INLAND,157675.64
-121.89,37.44,8.0,2534.0,,1527.0,364.0,7.8532,<1H OCEAN,381320.8
-122.38,39.68,21.0,1155.0,210.0,510.0,175.0,2.3851,INLAND,87708.23
-117.32,34.08,41.0,1359.0,264.0,786.0,244.0,2.5208,INLAND,85252.734
-122.66,38.27,16.0,1523.0,308.0,477.0,315.0,2.1696,<1H OCEAN,99453.87
-117.96,33.65,24.0,4462.0,689.0,1943.0,712.0,5.7395,<1H OCEAN,305471.4
-121.39,38.61,36.0,2396.0,536.0,1225.0,515.0,2.9559,INLAND,117877.32
-121.27,38.66,15.0,2642.0,520.0,1032.0,475.0,4.1382,INLAND,189730.81
-117.95,33.99,24.0,1219.0,177.0,610.0,185.0,6.7978,<1H OCEAN,304533.88
-117.17,32.79,44.0,2262.0,647.0,3009.0,657.0,2.2663,NEAR OCEAN,184074.69
-118.89,34.28,30.0,917.0,157.0,678.0,171.0,5.8133,<1H OCEAN,233169.2
-121.91,37.31,16.0,2962.0,898.0,1555.0,795.0,2.5804,<1H OCEAN,205132.22
-118.19,33.78,31.0,1648.0,484.0,898.0,457.0,1.5844,NEAR OCEAN,178247.02
-118.22,34.05,41.0,1422.0,478.0,1640.0,434.0,1.6122,<1H OCEAN,149453.45
-121.24,38.0,25.0,1471.0,300.0,721.0,304.0,2.4688,INLAND,103800.87
-121.91,37.71,25.0,4377.0,668.0,2038.0,671.0,5.7233,<1H OCEAN,259865.58
-119.57,36.7,7.0,1761.0,309.0,974.0,308.0,3.7261,INLAND,104352.95
-121.82,37.35,24.0,2298.0,575.0,2409.0,569.0,3.4509,<1H OCEAN,176536.31
-122.55,38.01,27.0,3966.0,577.0,1657.0,611.0,6.3314,NEAR BAY,342616.38
-122.01,37.18,37.0,3852.0,652.0,1534.0,567.0,5.8596,<1H OCEAN,377936.88
-118.35,33.89,34.0,1740.0,387.0,1249.0,375.0,4.1552,<1H OCEAN,232716.73
-122.66,38.46,14.0,2364.0,631.0,1300.0,625.0,2.6023,<1H OCEAN,146401.4
-121.27,37.79,16.0,1853.0,390.0,1013.0,362.0,2.7083,INLAND,127909.48
-118.05,34.07,32.0,4492.0,1075.0,4119.0,1035.0,3.2373,<1H OCEAN,205156.66
-119.36,36.21,18.0,1082.0,202.0,793.0,213.0,2.4032,INLAND,70653.305
-117.13,33.14,16.0,1649.0,278.0,993.0,277.0,4.8526,<1H OCEAN,154341.03
-118.37,33.77,26.0,6339.0,876.0,2540.0,880.0,10.1447,NEAR OCEAN,486578.62
-122.65,38.4,21.0,1059.0,150.0,400.0,154.0,6.8586,<1H OCEAN,330044.6
-118.03,33.7,15.0,3244.0,421.0,1259.0,413.0,7.7854,<1H OCEAN,385183.0
-118.25,33.98,39.0,1553.0,461.0,2271.0,437.0,1.7378,<1H OCEAN,102351.01
-122.69,38.3,30.0,3919.0,743.0,1693.0,693.0,3.3827,<1H OCEAN,193954.56
-118.85,34.27,50.0,187.0,33.0,130.0,35.0,3.3438,<1H OCEAN,214413.97
-121.32,39.29,11.0,2640.0,505.0,1257.0,445.0,3.5673,INLAND,127349.016
-118.18,33.87,38.0,2664.0,626.0,1627.0,604.0,3.7527,<1H OCEAN,187711.98
-121.83,37.32,21.0,4559.0,1163.0,5124.0,1124.0,3.2052,<1H OCEAN,191496.47
-121.91,37.68,20.0,1804.0,254.0,831.0,260.0,6.177,<1H OCEAN,286075.78
-122.3,37.98,25.0,3807.0,806.0,1821.0,792.0,3.6518,NEAR BAY,178896.64
-122.35,37.94,34.0,1880.0,459.0,1358.0,422.0,1.6571,NEAR BAY,90121.625
-118.32,34.08,52.0,1137.0,304.0,754.0,297.0,3.37,<1H OCEAN,296532.78
-121.26,38.11,8.0,2770.0,642.0,1611.0,633.0,3.1284,INLAND,130935.47
-121.9,37.16,43.0,1529.0,311.0,570.0,250.0,5.2366,<1H OCEAN,326598.72
-118.43,34.15,28.0,6270.0,1706.0,2549.0,1497.0,3.2241,<1H OCEAN,349374.1
-120.45,34.64,27.0,2696.0,622.0,1322.0,543.0,3.0352,NEAR OCEAN,138620.31
-124.16,40.79,52.0,2148.0,421.0,975.0,430.0,2.2566,NEAR OCEAN,92426.63
-118.98,34.16,16.0,2476.0,402.0,1251.0,387.0,5.7676,<1H OCEAN,300234.75
-123.23,39.33,20.0,804.0,121.0,448.0,140.0,3.9632,<1H OCEAN,158775.53
-118.2,34.06,46.0,453.0,119.0,533.0,132.0,2.2961,<1H OCEAN,132013.39
-119.8,36.68,31.0,2214.0,432.0,1326.0,416.0,2.1691,INLAND,62196.7
-122.17,37.76,40.0,1685.0,343.0,949.0,342.0,1.8426,NEAR BAY,99407.12
-122.41,37.63,39.0,4220.0,1055.0,2720.0,1046.0,2.639,NEAR OCEAN,242724.88
-122.09,37.39,34.0,1508.0,483.0,774.0,443.0,2.7279,NEAR BAY,289115.44
-118.35,33.99,47.0,2183.0,380.0,927.0,371.0,4.9531,<1H OCEAN,225534.5
-121.14,37.52,37.0,1358.0,231.0,586.0,214.0,3.1645,INLAND,145402.53
-116.95,32.84,31.0,1307.0,,752.0,231.0,3.4286,<1H OCEAN,153176.02
-122.47,37.74,52.0,2055.0,265.0,735.0,252.0,8.1189,NEAR BAY,479759.7
-118.31,33.95,44.0,1558.0,333.0,1095.0,316.0,4.0043,<1H OCEAN,135135.39
-121.92,37.45,10.0,3937.0,1054.0,2032.0,1002.0,3.2617,<1H OCEAN,213582.11
-117.82,33.78,25.0,4977.0,645.0,2061.0,646.0,6.58,<1H OCEAN,281914.03
-121.36,38.56,17.0,6225.0,938.0,3064.0,947.0,5.2881,INLAND,177905.53
-118.35,34.28,30.0,3214.0,513.0,1700.0,533.0,4.6944,<1H OCEAN,225339.2
-117.22,32.81,21.0,1703.0,335.0,902.0,369.0,3.7813,NEAR OCEAN,200628.48
-122.81,38.36,18.0,2399.0,389.0,1131.0,391.0,5.2769,<1H OCEAN,262447.72
-117.89,33.61,41.0,1790.0,361.0,540.0,284.0,6.0247,<1H OCEAN,514732.72
-118.42,33.96,44.0,1282.0,216.0,494.0,209.0,5.618,<1H OCEAN,391709.06
-118.42,34.28,35.0,822.0,200.0,1197.0,203.0,3.2865,<1H OCEAN,140657.45
-118.2,33.78,52.0,2662.0,893.0,3018.0,763.0,2.3305,NEAR OCEAN,146479.88
-117.07,32.76,14.0,2523.0,545.0,1297.0,525.0,2.3886,NEAR OCEAN,130412.95
-117.45,34.1,9.0,4288.0,1017.0,3156.0,900.0,2.7827,INLAND,103720.41
-118.16,34.14,41.0,3039.0,482.0,973.0,446.0,7.4817,<1H OCEAN,448880.28
-121.24,38.01,22.0,1526.0,299.0,790.0,300.0,2.4342,INLAND,118696.39
-118.38,34.05,52.0,2053.0,480.0,900.0,417.0,3.0707,<1H OCEAN,381487.06
-118.23,33.89,35.0,1255.0,344.0,1782.0,343.0,2.1949,<1H OCEAN,102055.51
-121.97,37.54,28.0,2312.0,496.0,1344.0,467.0,4.7135,<1H OCEAN,224886.77
-117.24,33.95,11.0,6617.0,1118.0,3710.0,1087.0,4.7877,INLAND,151725.48
-118.01,33.79,23.0,2663.0,430.0,1499.0,403.0,5.7837,<1H OCEAN,240620.38
-121.27,37.93,24.0,1451.0,320.0,1413.0,283.0,2.125,INLAND,67151.08
-121.32,38.13,5.0,3136.0,501.0,1327.0,467.0,5.5942,INLAND,163567.83
-118.08,34.01,34.0,1914.0,549.0,2122.0,529.0,2.5969,<1H OCEAN,156315.38
-118.91,34.22,15.0,5644.0,757.0,2659.0,783.0,6.7559,<1H OCEAN,308254.25
-121.82,37.28,31.0,1340.0,235.0,1336.0,270.0,4.2361,<1H OCEAN,179808.55
-118.95,34.81,30.0,2817.0,604.0,1089.0,412.0,3.1364,INLAND,125148.61
-117.59,33.88,7.0,3586.0,959.0,2695.0,877.0,2.4387,INLAND,136763.61
-122.67,38.45,24.0,2622.0,525.0,1027.0,510.0,2.9222,<1H OCEAN,193010.94
-121.45,38.57,48.0,1962.0,356.0,704.0,362.0,3.5313,INLAND,145558.64
-117.93,33.76,17.0,3341.0,803.0,3381.0,825.0,3.371,<1H OCEAN,157227.38
-121.94,37.3,30.0,1758.0,248.0,814.0,256.0,6.623,<1H OCEAN,363454.22
-122.23,37.48,33.0,3108.0,805.0,1895.0,717.0,3.3015,NEAR OCEAN,274854.88
-120.81,39.02,30.0,806.0,189.0,326.0,146.0,2.8155,INLAND,117893.79
-117.29,34.14,48.0,1717.0,307.0,610.0,267.0,3.125,INLAND,156087.17
-117.74,34.09,30.0,3199.0,591.0,2192.0,563.0,3.4871,INLAND,127332.26
-118.35,33.96,26.0,2773.0,681.0,1560.0,631.0,3.1354,<1H OCEAN,215557.66
-117.94,33.92,28.0,639.0,179.0,1062.0,169.0,3.0588,<1H OCEAN,151551.89
-118.52,34.23,35.0,1471.0,210.0,735.0,219.0,8.3841,<1H OCEAN,412363.9
-118.33,34.18,49.0,1969.0,377.0,977.0,367.0,3.8462,<1H OCEAN,232142.38
-118.41,33.89,38.0,4166.0,828.0,1600.0,770.0,6.3861,<1H OCEAN,465746.34
-121.73,38.0,3.0,9217.0,1522.0,3578.0,1272.0,5.0016,INLAND,190819.6
-122.45,38.58,34.0,2517.0,483.0,1324.0,464.0,3.0938,INLAND,191127.72
-122.09,37.4,17.0,748.0,184.0,412.0,180.0,3.4375,NEAR BAY,225659.52
-117.17,32.82,24.0,1569.0,377.0,715.0,321.0,3.1146,NEAR OCEAN,218350.81
-116.95,32.83,14.0,12517.0,2506.0,6389.0,2333.0,3.3081,<1H OCEAN,145932.42
-118.32,34.19,37.0,1335.0,249.0,485.0,240.0,4.1731,<1H OCEAN,283961.62
-117.32,33.23,24.0,2580.0,604.0,982.0,569.0,1.6402,NEAR OCEAN,206145.12
-118.27,34.02,21.0,1314.0,375.0,1505.0,366.0,2.319,<1H OCEAN,147934.08
-118.17,33.77,39.0,2953.0,878.0,1379.0,785.0,2.1378,NEAR OCEAN,243856.31
-117.22,32.75,34.0,6001.0,1111.0,2654.0,1072.0,4.5878,NEAR OCEAN,256984.64
-117.23,32.88,18.0,5566.0,1465.0,6303.0,1458.0,1.858,NEAR OCEAN,143613.94
-118.29,34.05,40.0,907.0,349.0,1426.0,323.0,1.8571,<1H OCEAN,196021.94
-117.99,33.7,13.0,4013.0,903.0,1999.0,859.0,4.625,<1H OCEAN,237457.42
-117.49,34.02,35.0,2051.0,427.0,1466.0,425.0,3.6711,INLAND,101634.39
-117.1,33.09,5.0,12045.0,2162.0,5640.0,1997.0,4.4375,<1H OCEAN,191747.92
-117.77,33.69,14.0,1413.0,372.0,744.0,338.0,3.7988,<1H OCEAN,210653.97
-122.79,40.75,17.0,3851.0,818.0,1352.0,560.0,2.125,INLAND,83487.88
-118.04,33.81,22.0,4057.0,624.0,2204.0,643.0,5.8527,<1H OCEAN,265139.72
-119.75,34.45,26.0,3578.0,677.0,1504.0,618.0,4.1375,NEAR OCEAN,352810.34
-118.4,34.18,32.0,3724.0,899.0,1912.0,791.0,3.5711,<1H OCEAN,274960.16
-122.23,37.79,52.0,1783.0,395.0,1659.0,412.0,2.9357,NEAR BAY,124468.695
-121.75,36.96,19.0,3461.0,634.0,2790.0,607.0,4.7569,<1H OCEAN,217341.03
-117.24,32.79,18.0,2539.0,616.0,964.0,526.0,3.4306,NEAR OCEAN,206002.23
-121.38,38.67,38.0,1001.0,228.0,597.0,226.0,2.2788,INLAND,89030.85
-121.89,37.3,47.0,1604.0,284.0,639.0,278.0,5.8415,<1H OCEAN,340989.3
-121.9,37.32,48.0,1274.0,313.0,971.0,291.0,3.7738,<1H OCEAN,213305.02
-117.17,34.05,24.0,2877.0,507.0,1141.0,474.0,4.2059,INLAND,183083.56
-122.06,37.37,18.0,3058.0,661.0,1377.0,675.0,6.1299,<1H OCEAN,377566.56
-118.14,33.86,36.0,1774.0,348.0,934.0,333.0,4.8571,<1H OCEAN,225008.19
-121.38,38.4,15.0,4155.0,637.0,1722.0,616.0,4.8831,INLAND,175350.64
-117.96,33.78,26.0,2136.0,557.0,1528.0,537.0,2.4931,<1H OCEAN,173178.64
-118.07,34.09,33.0,2178.0,445.0,1153.0,400.0,3.6083,<1H OCEAN,224676.33
-121.5,38.52,37.0,2008.0,466.0,1261.0,427.0,2.2574,INLAND,75399.8
-117.1,32.68,42.0,2013.0,568.0,1920.0,557.0,2.0724,NEAR OCEAN,99149.914
-118.35,33.97,25.0,1864.0,616.0,1710.0,575.0,2.2303,<1H OCEAN,182601.78
-120.27,37.11,18.0,1277.0,234.0,674.0,238.0,2.6694,INLAND,96448.97
-117.2,34.15,18.0,1859.0,251.0,747.0,256.0,7.732,INLAND,248136.19
-122.4,38.34,33.0,1408.0,273.0,520.0,212.0,3.5781,<1H OCEAN,235764.48
-118.25,34.08,44.0,1425.0,438.0,1121.0,374.0,2.1108,<1H OCEAN,178114.27
-123.21,39.14,15.0,2235.0,545.0,1376.0,516.0,1.9032,<1H OCEAN,96510.87
-121.35,38.03,16.0,3158.0,515.0,1596.0,528.0,4.1739,INLAND,137742.34
-119.02,35.39,30.0,227.0,75.0,169.0,101.0,1.3527,INLAND,79081.836
-121.43,37.74,52.0,876.0,170.0,426.0,179.0,3.0865,INLAND,141624.44
-117.66,34.05,33.0,960.0,216.0,831.0,222.0,2.5391,INLAND,113640.805
-117.97,33.68,26.0,1616.0,292.0,700.0,241.0,5.5105,<1H OCEAN,269815.22
-120.55,38.31,18.0,1411.0,312.0,592.0,230.0,1.625,INLAND,104233.49
-122.22,39.51,17.0,1201.0,268.0,555.0,277.0,2.1,INLAND,69318.23
-119.28,34.45,36.0,2376.0,541.0,1505.0,547.0,2.4595,<1H OCEAN,218313.47
-122.23,37.47,39.0,5264.0,1259.0,3057.0,1265.0,3.623,NEAR OCEAN,303665.75
-120.38,36.76,12.0,932.0,244.0,1043.0,243.0,1.4038,INLAND,51992.586
-117.32,34.11,38.0,1462.0,337.0,1208.0,324.0,2.2604,INLAND,73153.79
-118.38,33.82,34.0,1822.0,364.0,750.0,366.0,5.9907,NEAR OCEAN,487634.1
-123.64,39.45,21.0,3359.0,677.0,1908.0,642.0,3.0433,<1H OCEAN,129961.03
-118.38,33.99,21.0,11308.0,3039.0,5127.0,2839.0,4.6277,<1H OCEAN,337932.38
-118.22,34.12,37.0,1298.0,242.0,750.0,255.0,5.2049,<1H OCEAN,280214.28
-118.22,34.04,43.0,798.0,308.0,1417.0,325.0,1.4189,<1H OCEAN,146267.8
-117.89,33.92,34.0,1473.0,312.0,1025.0,315.0,3.8333,<1H OCEAN,168386.84
-118.43,34.42,13.0,3600.0,580.0,1799.0,576.0,6.2971,<1H OCEAN,273548.53
-118.09,33.71,19.0,1397.0,271.0,491.0,197.0,8.7397,NEAR OCEAN,449810.1
-117.13,32.8,15.0,1606.0,375.0,784.0,342.0,3.7237,NEAR OCEAN,156527.06
-122.86,38.61,52.0,1753.0,380.0,982.0,380.0,3.4013,<1H OCEAN,192378.3
-118.26,33.94,44.0,1103.0,265.0,760.0,247.0,1.6887,<1H OCEAN,101289.266
-119.48,36.44,22.0,1389.0,290.0,1185.0,271.0,2.0857,INLAND,54740.215
-121.23,38.78,13.0,3813.0,871.0,1513.0,783.0,2.0807,INLAND,139443.83
-120.25,38.04,22.0,4173.0,763.0,1086.0,444.0,2.5562,INLAND,133396.5
-118.51,34.24,31.0,5297.0,664.0,1986.0,657.0,8.6454,<1H OCEAN,464461.97
-120.66,40.42,35.0,1450.0,325.0,717.0,297.0,2.5074,INLAND,69867.74
-121.93,36.6,33.0,3455.0,683.0,1704.0,663.0,4.0154,NEAR OCEAN,266985.2
-118.85,34.14,24.0,1999.0,244.0,759.0,247.0,8.7657,<1H OCEAN,480535.53
-121.95,37.35,52.0,2382.0,523.0,1096.0,492.0,4.2656,<1H OCEAN,304254.7
-121.99,37.58,31.0,2878.0,478.0,1276.0,485.0,6.2073,<1H OCEAN,304437.25
-117.71,34.05,20.0,2281.0,444.0,1545.0,481.0,2.5735,INLAND,137570.48
-122.09,37.38,34.0,1959.0,342.0,849.0,357.0,6.2884,NEAR BAY,400855.94
-117.2,32.85,22.0,3501.0,631.0,1297.0,581.0,4.7891,NEAR OCEAN,272972.66
-118.15,34.2,37.0,1997.0,361.0,1037.0,363.0,3.7932,INLAND,182486.78
-122.09,37.39,43.0,2065.0,535.0,1029.0,500.0,3.7318,NEAR BAY,298449.44
-118.0,33.9,35.0,1942.0,332.0,1127.0,325.0,4.5144,<1H OCEAN,178365.12
-122.46,37.78,52.0,2594.0,622.0,1421.0,593.0,3.0265,NEAR BAY,417492.62
-120.62,37.36,15.0,3455.0,729.0,2014.0,659.0,3.2656,INLAND,100042.336
-118.45,34.18,33.0,2077.0,486.0,1021.0,450.0,3.6019,<1H OCEAN,262121.52
-118.4,34.28,16.0,6573.0,1480.0,6161.0,1473.0,3.3304,<1H OCEAN,167269.12
-118.16,33.96,24.0,1635.0,507.0,2480.0,481.0,2.4432,<1H OCEAN,147084.05
-115.55,32.79,22.0,565.0,162.0,692.0,141.0,1.2083,INLAND,66950.24
-116.98,32.8,28.0,5721.0,1029.0,2672.0,1054.0,3.963,<1H OCEAN,187972.53
-118.18,33.87,44.0,1832.0,401.0,1056.0,405.0,4.0658,<1H OCEAN,189125.08
-121.7,36.55,21.0,3905.0,583.0,1528.0,586.0,7.6245,<1H OCEAN,417964.06
-118.29,34.11,49.0,2850.0,379.0,1113.0,380.0,12.9591,<1H OCEAN,476011.4
-118.16,34.6,5.0,7294.0,1139.0,3123.0,930.0,4.9904,INLAND,179147.1
-122.01,37.36,21.0,2483.0,396.0,1194.0,424.0,7.1273,<1H OCEAN,351949.16
-117.95,34.06,32.0,2252.0,415.0,1370.0,411.0,4.6312,<1H OCEAN,192433.38
-122.42,37.62,40.0,1545.0,264.0,756.0,282.0,4.4643,NEAR OCEAN,294893.66
-117.23,33.79,17.0,3318.0,759.0,2016.0,673.0,2.2969,INLAND,98385.63
-117.12,32.74,52.0,1969.0,389.0,877.0,424.0,3.79,NEAR OCEAN,205747.75
-122.28,37.88,52.0,1172.0,215.0,489.0,218.0,3.9167,NEAR BAY,245890.25
-117.11,32.64,23.0,1619.0,447.0,1025.0,415.0,1.858,NEAR OCEAN,119059.26
-121.54,38.54,36.0,1672.0,302.0,969.0,337.0,3.0536,INLAND,106763.94
-118.43,34.02,38.0,2172.0,437.0,830.0,368.0,3.9091,<1H OCEAN,391380.28
-118.15,33.79,25.0,4013.0,1097.0,2297.0,969.0,3.0453,NEAR OCEAN,216721.3
-121.78,38.0,8.0,2371.0,375.0,1094.0,396.0,5.3245,INLAND,170487.47
-120.43,37.35,15.0,1613.0,203.0,673.0,213.0,5.9378,INLAND,154805.8
-121.68,36.72,12.0,19234.0,4492.0,12153.0,4372.0,3.2652,<1H OCEAN,176085.48
-122.46,37.75,52.0,1590.0,236.0,622.0,232.0,5.8151,NEAR BAY,375224.72
-122.42,37.74,52.0,2019.0,418.0,999.0,448.0,4.2212,NEAR BAY,331533.28
-118.43,34.25,32.0,2433.0,553.0,2318.0,532.0,3.6384,<1H OCEAN,172576.56
-117.68,34.99,33.0,1589.0,307.0,853.0,272.0,4.2292,INLAND,76658.766
-118.91,35.27,29.0,1401.0,317.0,1344.0,306.0,2.0921,INLAND,51008.78
-118.06,33.85,16.0,4851.0,726.0,2527.0,704.0,6.0142,<1H OCEAN,297503.72
-117.42,34.08,21.0,4460.0,930.0,2657.0,839.0,2.7569,INLAND,104313.41
-120.14,34.6,22.0,2136.0,465.0,1143.0,409.0,2.9479,NEAR OCEAN,239783.5
-117.88,33.66,26.0,6017.0,1244.0,2673.0,1135.0,3.5426,<1H OCEAN,243103.3
-121.01,37.66,36.0,3679.0,613.0,1366.0,581.0,4.5,INLAND,175619.5
-117.91,34.05,35.0,3189.0,,1727.0,500.0,5.0758,<1H OCEAN,206886.1
-121.68,36.67,26.0,5745.0,1017.0,2780.0,996.0,5.0,<1H OCEAN,246829.53
-117.32,33.25,7.0,2499.0,420.0,1314.0,398.0,4.85,<1H OCEAN,201596.23
-117.15,32.91,14.0,1259.0,238.0,889.0,247.0,4.9464,<1H OCEAN,175877.47
-118.48,34.04,47.0,1956.0,277.0,724.0,277.0,8.9616,<1H OCEAN,495485.03
-120.38,34.96,9.0,2813.0,492.0,1144.0,490.0,4.0431,<1H OCEAN,208485.69
-122.02,38.0,28.0,2965.0,533.0,1591.0,472.0,4.6375,NEAR BAY,173173.7
-121.45,38.54,48.0,3421.0,734.0,1441.0,727.0,1.9485,INLAND,98210.37
-120.92,37.65,23.0,505.0,124.0,163.0,129.0,1.3696,INLAND,123163.79
-117.93,33.87,29.0,1221.0,371.0,1822.0,326.0,1.7935,<1H OCEAN,163599.94
-121.93,37.7,3.0,2456.0,582.0,793.0,456.0,4.4087,<1H OCEAN,264565.12
-120.69,39.12,19.0,1048.0,262.0,493.0,184.0,2.2917,INLAND,105599.586
-117.98,33.74,29.0,3443.0,635.0,2257.0,620.0,4.7404,<1H OCEAN,216879.0
-118.26,34.02,37.0,1551.0,501.0,2173.0,474.0,2.1667,<1H OCEAN,116370.69
-121.91,37.47,13.0,5377.0,744.0,2759.0,760.0,6.868,<1H OCEAN,305579.3
-119.81,36.51,31.0,1241.0,254.0,767.0,226.0,2.7321,INLAND,62900.92
-118.26,33.92,42.0,3320.0,682.0,2105.0,632.0,1.9809,<1H OCEAN,120533.84
-118.45,34.17,21.0,2152.0,527.0,996.0,470.0,3.2386,<1H OCEAN,286476.3
-118.28,34.05,41.0,1075.0,597.0,2260.0,614.0,1.3,<1H OCEAN,201968.47
-117.93,34.09,35.0,1891.0,353.0,1093.0,382.0,4.0167,<1H OCEAN,178928.66
-118.35,34.05,33.0,2880.0,836.0,1416.0,736.0,2.6781,<1H OCEAN,295282.6
-121.52,38.53,30.0,3377.0,623.0,1289.0,594.0,3.5737,INLAND,148227.75
-118.08,33.83,30.0,2188.0,556.0,2727.0,525.0,2.7759,<1H OCEAN,164982.95
-122.33,38.31,14.0,6778.0,947.0,2768.0,1014.0,6.1953,NEAR BAY,263959.78
-118.29,34.04,32.0,432.0,182.0,702.0,186.0,2.1471,<1H OCEAN,163414.08
-119.64,37.61,30.0,2857.0,661.0,291.0,135.0,2.6838,INLAND,135685.72
-117.14,33.94,5.0,4873.0,639.0,1947.0,568.0,6.3223,INLAND,226933.31
-118.2,33.86,27.0,2732.0,867.0,1690.0,794.0,2.6465,<1H OCEAN,181036.45
-118.43,33.99,35.0,2243.0,495.0,1135.0,465.0,4.3281,<1H OCEAN,373342.62
-119.02,35.41,21.0,2534.0,554.0,1297.0,517.0,2.0575,INLAND,69495.33
-118.3,33.95,27.0,1774.0,444.0,1622.0,402.0,2.2031,<1H OCEAN,123402.5
-122.11,37.67,36.0,2110.0,389.0,952.0,370.0,3.8,NEAR BAY,209599.6
-118.26,34.23,38.0,1107.0,194.0,518.0,195.0,7.5582,<1H OCEAN,398875.97
-117.04,32.63,26.0,2074.0,356.0,1228.0,335.0,4.1154,NEAR OCEAN,143863.4
-121.97,37.28,27.0,2427.0,403.0,1301.0,438.0,5.0385,<1H OCEAN,258148.16
-119.59,36.11,32.0,752.0,159.0,524.0,155.0,2.25,INLAND,69539.35
-117.07,33.04,4.0,2271.0,578.0,926.0,391.0,3.6437,<1H OCEAN,184765.81
-115.52,32.98,21.0,1302.0,327.0,1244.0,316.0,2.2054,INLAND,66500.58
-122.24,37.83,52.0,2449.0,312.0,916.0,316.0,8.1194,NEAR BAY,436368.25
-120.29,37.94,17.0,1459.0,297.0,753.0,271.0,3.05,INLAND,111310.35
-122.26,37.88,52.0,2551.0,417.0,894.0,404.0,6.2425,NEAR BAY,413261.38
-122.12,37.29,11.0,436.0,70.0,212.0,75.0,8.6196,<1H OCEAN,448431.38
-122.45,37.79,52.0,1457.0,215.0,495.0,208.0,10.7097,NEAR BAY,502263.6
-122.72,38.48,23.0,2296.0,356.0,902.0,334.0,6.0298,<1H OCEAN,289014.1
-120.43,36.99,16.0,1027.0,199.0,673.0,193.0,2.9688,INLAND,93044.234
-116.92,32.82,17.0,2492.0,494.0,1278.0,439.0,2.8875,<1H OCEAN,150109.69
-119.29,34.28,38.0,2387.0,748.0,1537.0,741.0,2.3147,NEAR OCEAN,215809.31
-118.4,33.98,36.0,2526.0,452.0,996.0,441.0,5.611,<1H OCEAN,411122.9
-119.73,34.35,20.0,1648.0,319.0,905.0,307.0,4.375,NEAR OCEAN,288217.3
-122.33,37.94,43.0,1876.0,389.0,807.0,377.0,3.1571,NEAR BAY,162965.89
-117.54,33.82,6.0,202.0,29.0,75.0,28.0,4.125,INLAND,372981.6
-117.76,33.48,38.0,3832.0,809.0,1332.0,636.0,5.0044,<1H OCEAN,405355.0
-119.23,36.45,36.0,1508.0,323.0,1283.0,312.0,2.1205,INLAND,57820.668
-119.41,36.35,20.0,1743.0,340.0,1390.0,336.0,2.2222,INLAND,66121.54
-118.21,33.93,30.0,2831.0,862.0,3649.0,883.0,1.9668,<1H OCEAN,146243.94
-117.95,34.04,27.0,2610.0,846.0,2296.0,750.0,2.274,<1H OCEAN,171775.42
-118.95,35.32,29.0,3480.0,608.0,2007.0,541.0,3.2738,INLAND,71480.31
-117.98,33.78,22.0,4255.0,971.0,2901.0,920.0,3.2636,<1H OCEAN,183359.22
-118.33,34.1,45.0,1913.0,696.0,1552.0,611.0,2.0888,<1H OCEAN,270973.72
-121.81,37.25,25.0,4096.0,623.0,2128.0,618.0,6.2957,<1H OCEAN,255420.95
-121.96,36.98,16.0,4907.0,1117.0,2265.0,1048.0,2.6757,NEAR OCEAN,231378.28
-121.95,37.28,52.0,777.0,148.0,362.0,144.0,4.0208,<1H OCEAN,216300.55
-117.59,34.1,17.0,3646.0,1035.0,1987.0,895.0,2.3603,INLAND,117729.0
-122.17,37.77,31.0,2424.0,533.0,1360.0,452.0,1.871,NEAR BAY,113282.44
-117.97,33.77,20.0,1988.0,424.0,1277.0,425.0,2.9414,<1H OCEAN,179403.27
-122.25,37.56,19.0,7976.0,1406.0,3437.0,1338.0,5.6396,NEAR BAY,358637.97
-118.42,34.05,33.0,2921.0,652.0,1124.0,608.0,5.0151,<1H OCEAN,483237.0
-118.54,34.21,32.0,2593.0,566.0,1596.0,547.0,3.9886,<1H OCEAN,225495.94
-120.01,38.92,25.0,1758.0,357.0,689.0,278.0,2.675,INLAND,119068.21
-118.37,34.14,23.0,1883.0,512.0,774.0,478.0,3.5096,<1H OCEAN,334078.94
-121.96,37.99,2.0,3129.0,707.0,1606.0,698.0,2.9591,INLAND,130632.414
-117.2,32.8,36.0,4018.0,1067.0,1620.0,842.0,2.3599,NEAR OCEAN,244427.4
-119.82,36.82,28.0,2268.0,336.0,752.0,330.0,5.2809,INLAND,157085.88
-122.49,37.68,34.0,3718.0,676.0,2510.0,632.0,5.3311,NEAR OCEAN,267872.8
-119.08,37.78,17.0,1631.0,335.0,285.0,128.0,2.7656,INLAND,120378.17
-118.21,33.9,43.0,1810.0,357.0,1335.0,358.0,3.1189,<1H OCEAN,129353.414
-117.24,32.74,44.0,1488.0,259.0,667.0,281.0,4.0862,NEAR OCEAN,278524.88
-118.48,34.27,34.0,1231.0,222.0,702.0,222.0,4.9323,<1H OCEAN,200609.42
-119.74,34.44,27.0,1251.0,282.0,503.0,283.0,2.8,NEAR OCEAN,272006.47
-122.5,37.74,40.0,2310.0,445.0,1266.0,490.0,3.7969,NEAR OCEAN,278741.34
-118.23,34.14,39.0,277.0,89.0,182.0,91.0,2.3958,<1H OCEAN,219807.48
-118.09,34.0,35.0,1580.0,331.0,1290.0,338.0,4.1458,<1H OCEAN,172210.22
-118.09,33.84,23.0,4412.0,910.0,2380.0,825.0,4.54,<1H OCEAN,230918.33
-122.03,37.62,35.0,2072.0,352.0,1001.0,350.0,4.7109,NEAR BAY,230975.83
-118.09,33.94,33.0,1976.0,404.0,1379.0,395.0,3.8542,<1H OCEAN,173093.48
-118.41,34.19,42.0,779.0,145.0,450.0,148.0,3.9792,<1H OCEAN,218669.31
-117.36,33.2,19.0,1926.0,557.0,1190.0,483.0,1.3269,NEAR OCEAN,179518.2
-122.21,37.48,20.0,505.0,216.0,326.0,216.0,2.9286,NEAR BAY,224271.58
-118.2,33.85,33.0,2557.0,731.0,2286.0,700.0,2.3041,<1H OCEAN,152179.75
-118.09,33.85,19.0,8120.0,1371.0,5026.0,1345.0,6.3093,<1H OCEAN,264104.38
-122.41,37.77,52.0,361.0,76.0,168.0,55.0,3.2292,NEAR BAY,355439.28
-117.12,32.78,4.0,2782.0,817.0,1309.0,787.0,4.2621,NEAR OCEAN,144119.34
-121.89,37.31,52.0,1994.0,404.0,1014.0,389.0,4.3882,<1H OCEAN,276517.78
-117.12,33.27,11.0,3016.0,601.0,1727.0,541.0,4.9375,<1H OCEAN,205672.28
-119.08,34.35,24.0,3663.0,828.0,2718.0,778.0,3.2757,<1H OCEAN,183077.1
-118.39,34.02,38.0,2521.0,647.0,1091.0,597.0,4.1296,<1H OCEAN,393145.88
-122.09,37.97,5.0,5303.0,779.0,2017.0,727.0,6.9961,NEAR BAY,353965.72
-117.48,33.94,19.0,1891.0,465.0,1693.0,416.0,2.7813,INLAND,109903.04
-118.44,34.2,35.0,1717.0,478.0,1628.0,495.0,2.5197,<1H OCEAN,175882.78
-121.84,39.74,43.0,2976.0,599.0,1181.0,560.0,2.2621,INLAND,87153.16
-117.67,34.1,19.0,2969.0,605.0,1326.0,573.0,4.3438,INLAND,175328.67
-121.98,36.97,21.0,3349.0,737.0,1952.0,718.0,3.7273,NEAR OCEAN,251762.06
-121.18,37.79,16.0,1326.0,286.0,509.0,297.0,1.9464,INLAND,109725.16
-117.08,32.66,43.0,1004.0,236.0,839.0,235.0,2.81,NEAR OCEAN,114282.66
-119.72,34.77,35.0,2469.0,553.0,1168.0,427.0,2.4583,<1H OCEAN,181028.55
-122.41,37.76,52.0,492.0,139.0,316.0,168.0,3.0865,NEAR BAY,335429.88
-122.19,37.82,32.0,1835.0,264.0,635.0,263.0,8.317,NEAR BAY,414115.9
-122.64,41.63,19.0,2722.0,479.0,1108.0,430.0,3.1062,INLAND,96547.48
-121.73,36.5,27.0,3184.0,520.0,1121.0,493.0,5.6383,<1H OCEAN,343447.7
-121.33,38.57,17.0,1621.0,350.0,706.0,338.0,2.3684,INLAND,115186.16
-118.35,34.08,52.0,1801.0,313.0,714.0,293.0,4.6838,<1H OCEAN,415418.56
-122.42,37.65,39.0,4402.0,894.0,2941.0,887.0,3.8565,NEAR OCEAN,263003.97
-120.91,38.98,13.0,7689.0,1415.0,3264.0,1198.0,3.653,INLAND,168411.45
-117.9,34.11,23.0,4776.0,1316.0,4797.0,1187.0,2.1667,<1H OCEAN,173842.22
-117.18,32.74,20.0,1165.0,269.0,459.0,244.0,3.175,NEAR OCEAN,232624.81
-122.3,37.92,32.0,3943.0,605.0,1524.0,614.0,6.0677,NEAR BAY,331491.88
-118.03,33.92,35.0,2108.0,405.0,1243.0,394.0,3.6731,<1H OCEAN,173168.72
-122.41,37.62,39.0,3119.0,758.0,1807.0,696.0,3.2216,NEAR OCEAN,260772.78
-122.27,37.87,52.0,3084.0,698.0,1424.0,694.0,2.7372,NEAR BAY,186574.33
-120.54,40.29,17.0,3391.0,623.0,1529.0,571.0,3.4028,INLAND,91875.77
-120.79,38.7,13.0,5036.0,1034.0,2243.0,923.0,2.3319,INLAND,126684.586
-118.8,34.15,9.0,1143.0,179.0,647.0,180.0,6.8474,NEAR OCEAN,365959.62
-117.2,34.14,18.0,1920.0,333.0,890.0,323.0,5.159,INLAND,143954.56
-118.27,34.07,34.0,786.0,341.0,1239.0,320.0,2.3438,<1H OCEAN,191179.56
-119.35,36.2,31.0,1783.0,382.0,1266.0,358.0,2.2264,INLAND,64205.67
-120.1,38.91,33.0,1561.0,282.0,30.0,11.0,1.875,INLAND,127604.836
-116.24,33.72,25.0,5236.0,1039.0,2725.0,935.0,3.775,INLAND,126323.72
-121.56,39.52,26.0,1957.0,429.0,945.0,397.0,1.7308,INLAND,61282.566
-122.95,39.13,17.0,380.0,69.0,225.0,72.0,3.25,INLAND,129472.82
-119.03,35.33,21.0,3057.0,698.0,1627.0,680.0,2.7083,INLAND,74740.98
-117.1,32.7,42.0,2002.0,488.0,1505.0,464.0,1.5057,NEAR OCEAN,95938.61
-121.85,37.34,27.0,1481.0,409.0,1505.0,391.0,2.5769,<1H OCEAN,162019.16
-119.16,36.31,7.0,2946.0,664.0,1608.0,622.0,1.6829,INLAND,104378.35
-117.32,33.22,16.0,1057.0,232.0,316.0,221.0,2.7417,NEAR OCEAN,162183.14
-117.76,34.06,47.0,508.0,108.0,384.0,86.0,1.9583,INLAND,103241.02
-120.72,38.57,8.0,892.0,185.0,427.0,164.0,2.6833,INLAND,124979.47
-122.69,38.32,15.0,2536.0,414.0,1400.0,426.0,5.6613,<1H OCEAN,234252.81
-119.82,36.72,25.0,2581.0,528.0,1642.0,509.0,1.6435,INLAND,57829.23
-122.04,38.25,52.0,582.0,131.0,241.0,106.0,2.4,INLAND,107107.05
-118.36,33.86,36.0,681.0,122.0,360.0,128.0,5.2799,<1H OCEAN,318504.72
-122.17,37.73,52.0,1555.0,289.0,620.0,292.0,3.7159,NEAR BAY,223232.12
-122.37,37.93,37.0,709.0,190.0,644.0,174.0,0.8641,NEAR BAY,82371.07
-118.05,33.98,34.0,2142.0,390.0,1305.0,406.0,4.0379,<1H OCEAN,183434.72
-120.51,35.91,39.0,768.0,162.0,264.0,118.0,5.3245,INLAND,194286.98
-118.59,34.26,20.0,8146.0,1131.0,3562.0,1054.0,7.167,<1H OCEAN,347988.4
-122.27,37.52,35.0,1051.0,259.0,517.0,234.0,3.7,NEAR OCEAN,305217.22
-118.27,34.25,35.0,2091.0,360.0,879.0,326.0,4.4485,<1H OCEAN,283976.6
-118.26,34.08,50.0,1791.0,660.0,2183.0,675.0,1.7945,<1H OCEAN,199169.92
-118.35,33.93,34.0,617.0,189.0,810.0,180.0,1.9766,<1H OCEAN,134082.78
-122.45,37.77,52.0,2602.0,,1330.0,647.0,3.5435,NEAR BAY,407434.78
-118.46,34.05,21.0,3639.0,1002.0,1489.0,983.0,4.6197,<1H OCEAN,471597.94
-121.97,37.25,32.0,2892.0,496.0,1193.0,492.0,6.131,<1H OCEAN,366327.1
-118.37,34.16,11.0,2901.0,871.0,1659.0,789.0,3.1106,<1H OCEAN,255010.64
-118.18,33.8,15.0,2407.0,589.0,1591.0,506.0,3.0513,NEAR OCEAN,163297.6
-122.17,37.87,38.0,1261.0,177.0,472.0,183.0,6.917,NEAR BAY,394820.47
-121.16,38.74,17.0,3353.0,463.0,1417.0,447.0,5.1721,INLAND,221916.75
-122.38,37.73,38.0,1388.0,276.0,871.0,265.0,2.1667,NEAR BAY,183770.77
-117.97,33.89,17.0,1740.0,445.0,1158.0,412.0,2.8649,<1H OCEAN,160064.98
-118.22,34.12,28.0,3306.0,1025.0,2670.0,942.0,3.0919,<1H OCEAN,218317.19
-118.37,34.07,44.0,2703.0,663.0,1045.0,619.0,3.201,<1H OCEAN,426406.53
-122.64,41.74,33.0,2644.0,459.0,1113.0,483.0,3.3095,INLAND,95703.555
-118.77,34.28,26.0,2873.0,480.0,1915.0,475.0,5.3681,<1H OCEAN,210968.81
-121.13,36.21,34.0,2504.0,550.0,1810.0,547.0,3.4821,<1H OCEAN,147661.02
-121.49,38.55,52.0,2515.0,460.0,836.0,442.0,3.3844,INLAND,140384.14
-118.3,33.73,42.0,1731.0,,866.0,403.0,2.7451,NEAR OCEAN,269489.56
-122.42,37.76,52.0,1190.0,400.0,1270.0,332.0,2.0329,NEAR BAY,197317.12
-118.27,34.08,38.0,2265.0,801.0,2899.0,792.0,2.5521,<1H OCEAN,178174.81
-119.6,36.57,42.0,2311.0,439.0,1347.0,436.0,2.5556,INLAND,64171.227
-117.85,33.79,52.0,2102.0,403.0,898.0,365.0,3.6827,<1H OCEAN,243700.02
-122.32,38.32,19.0,2922.0,417.0,1221.0,442.0,5.8002,NEAR BAY,240402.48
-117.24,32.83,18.0,3109.0,501.0,949.0,368.0,7.4351,NEAR OCEAN,372170.9
-118.4,34.04,43.0,3863.0,537.0,1398.0,511.0,8.5938,<1H OCEAN,490408.78
-118.04,34.11,44.0,773.0,120.0,405.0,121.0,5.0,INLAND,321367.8
-118.31,33.94,43.0,2104.0,393.0,1132.0,394.0,3.0682,<1H OCEAN,152279.16
-122.35,37.92,36.0,921.0,200.0,585.0,236.0,1.9224,NEAR BAY,135917.98
-118.24,33.89,32.0,1132.0,266.0,1211.0,279.0,2.1838,<1H OCEAN,97947.02
-117.13,32.75,20.0,2271.0,602.0,992.0,520.0,2.2599,NEAR OCEAN,161207.47
-116.5,33.95,10.0,7249.0,1882.0,4274.0,1621.0,1.6983,INLAND,69776.125
-118.68,34.28,17.0,6488.0,1102.0,3199.0,1070.0,5.0962,<1H OCEAN,241869.34
-118.43,33.87,41.0,847.0,173.0,344.0,170.0,6.822,NEAR OCEAN,481871.97
-118.09,34.06,30.0,1980.0,552.0,2264.0,511.0,2.6094,<1H OCEAN,174390.92
-117.19,32.77,9.0,634.0,152.0,248.0,133.0,3.8571,NEAR OCEAN,191281.02
-117.68,34.03,16.0,2859.0,668.0,1946.0,591.0,3.0396,INLAND,128170.31
-121.24,38.67,28.0,3558.0,589.0,1742.0,581.0,4.0182,INLAND,124890.53
-122.23,37.85,52.0,2800.0,411.0,1061.0,403.0,6.3434,NEAR BAY,374357.28
-120.97,37.84,28.0,2368.0,430.0,1231.0,403.0,2.883,INLAND,113364.87
-118.41,34.06,43.0,4994.0,1057.0,1830.0,969.0,5.5321,<1H OCEAN,486340.1
-117.64,34.05,27.0,1407.0,362.0,1684.0,350.0,2.1944,INLAND,102286.89
-118.13,34.08,40.0,1931.0,449.0,1367.0,446.0,2.575,<1H OCEAN,191550.45
-122.37,37.58,52.0,2188.0,361.0,917.0,357.0,4.4,NEAR OCEAN,419209.12
-122.44,37.8,52.0,3830.0,,1310.0,963.0,3.4801,NEAR BAY,472937.25
-117.15,32.76,36.0,2644.0,674.0,1211.0,654.0,3.0445,NEAR OCEAN,227066.42
-122.27,38.12,42.0,5266.0,1167.0,3124.0,1025.0,2.7375,NEAR BAY,136809.75
-121.5,38.55,52.0,2784.0,455.0,957.0,448.0,5.6402,INLAND,285009.44
-117.8,33.85,16.0,4151.0,637.0,1558.0,604.0,5.806,<1H OCEAN,281485.3
